Zeitpunkt;Bundesland;Kreis;Kreisschlüssel;Altersgruppe;Bevölkerung
Ende 2020;Rheinland-Pfalz;LK Ahrweiler;07131;00-17;20323
Ende 2020;Rheinland-Pfalz;LK Ahrweiler;07131;18-59;67328
Ende 2020;Rheinland-Pfalz;LK Ahrweiler;07131;60+;42828
Ende 2020;Bayern;LK Aichach-Friedberg;09771;00-17;24399
Ende 2020;Bayern;LK Aichach-Friedberg;09771;18-59;73944
Ende 2020;Bayern;LK Aichach-Friedberg;09771;60+;36681
Ende 2020;Baden-Württemberg;LK Alb-Donau-Kreis;08425;00-17;36315
Ende 2020;Baden-Württemberg;LK Alb-Donau-Kreis;08425;18-59;109091
Ende 2020;Baden-Württemberg;LK Alb-Donau-Kreis;08425;60+;52798
Ende 2020;Thüringen;LK Altenburger Land;16077;00-17;12235
Ende 2020;Thüringen;LK Altenburger Land;16077;18-59;40765
Ende 2020;Thüringen;LK Altenburger Land;16077;60+;35356
Ende 2020;Rheinland-Pfalz;LK Altenkirchen;07132;00-17;21488
Ende 2020;Rheinland-Pfalz;LK Altenkirchen;07132;18-59;68213
Ende 2020;Rheinland-Pfalz;LK Altenkirchen;07132;60+;39386
Ende 2020;Sachsen-Anhalt;LK Altmarkkreis Salzwedel;15081;00-17;12878
Ende 2020;Sachsen-Anhalt;LK Altmarkkreis Salzwedel;15081;18-59;41239
Ende 2020;Sachsen-Anhalt;LK Altmarkkreis Salzwedel;15081;60+;28570
Ende 2020;Bayern;LK Altötting;09171;00-17;19184
Ende 2020;Bayern;LK Altötting;09171;18-59;59698
Ende 2020;Bayern;LK Altötting;09171;60+;32772
Ende 2020;Rheinland-Pfalz;LK Alzey-Worms;07331;00-17;22504
Ende 2020;Rheinland-Pfalz;LK Alzey-Worms;07331;18-59;70536
Ende 2020;Rheinland-Pfalz;LK Alzey-Worms;07331;60+;37675
Ende 2020;Bayern;LK Amberg-Sulzbach;09371;00-17;16607
Ende 2020;Bayern;LK Amberg-Sulzbach;09371;18-59;55708
Ende 2020;Bayern;LK Amberg-Sulzbach;09371;60+;30683
Ende 2020;Niedersachsen;LK Ammerland;03451;00-17;21566
Ende 2020;Niedersachsen;LK Ammerland;03451;18-59;65704
Ende 2020;Niedersachsen;LK Ammerland;03451;60+;38373
Ende 2020;Sachsen-Anhalt;LK Anhalt-Bitterfeld;15082;00-17;22043
Ende 2020;Sachsen-Anhalt;LK Anhalt-Bitterfeld;15082;18-59;75943
Ende 2020;Sachsen-Anhalt;LK Anhalt-Bitterfeld;15082;60+;59231
Ende 2020;Bayern;LK Ansbach;09571;00-17;31918
Ende 2020;Bayern;LK Ansbach;09571;18-59;101636
Ende 2020;Bayern;LK Ansbach;09571;60+;51762
Ende 2020;Bayern;LK Aschaffenburg;09671;00-17;28626
Ende 2020;Bayern;LK Aschaffenburg;09671;18-59;93968
Ende 2020;Bayern;LK Aschaffenburg;09671;60+;52064
Ende 2020;Bayern;LK Augsburg;09772;00-17;45628
Ende 2020;Bayern;LK Augsburg;09772;18-59;139073
Ende 2020;Bayern;LK Augsburg;09772;60+;71199
Ende 2020;Niedersachsen;LK Aurich;03452;00-17;30987
Ende 2020;Niedersachsen;LK Aurich;03452;18-59;99795
Ende 2020;Niedersachsen;LK Aurich;03452;60+;59396
Ende 2020;Rheinland-Pfalz;LK Bad Dürkheim;07332;00-17;20767
Ende 2020;Rheinland-Pfalz;LK Bad Dürkheim;07332;18-59;68412
Ende 2020;Rheinland-Pfalz;LK Bad Dürkheim;07332;60+;43825
Ende 2020;Bayern;LK Bad Kissingen;09672;00-17;15896
Ende 2020;Bayern;LK Bad Kissingen;09672;18-59;52904
Ende 2020;Bayern;LK Bad Kissingen;09672;60+;34369
Ende 2020;Rheinland-Pfalz;LK Bad Kreuznach;07133;00-17;25973
Ende 2020;Rheinland-Pfalz;LK Bad Kreuznach;07133;18-59;82673
Ende 2020;Rheinland-Pfalz;LK Bad Kreuznach;07133;60+;50100
Ende 2020;Bayern;LK Bad Tölz-Wolfratshausen;09173;00-17;22178
Ende 2020;Bayern;LK Bad Tölz-Wolfratshausen;09173;18-59;69452
Ende 2020;Bayern;LK Bad Tölz-Wolfratshausen;09173;60+;36582
Ende 2020;Bayern;LK Bamberg;09471;00-17;25175
Ende 2020;Bayern;LK Bamberg;09471;18-59;81884
Ende 2020;Bayern;LK Bamberg;09471;60+;40438
Ende 2020;Brandenburg;LK Barnim;12060;00-17;30979
Ende 2020;Brandenburg;LK Barnim;12060;18-59;95380
Ende 2020;Brandenburg;LK Barnim;12060;60+;60984
Ende 2020;Sachsen;LK Bautzen;14625;00-17;48314
Ende 2020;Sachsen;LK Bautzen;14625;18-59;140683
Ende 2020;Sachsen;LK Bautzen;14625;60+;109013
Ende 2020;Bayern;LK Bayreuth;09472;00-17;16562
Ende 2020;Bayern;LK Bayreuth;09472;18-59;55083
Ende 2020;Bayern;LK Bayreuth;09472;60+;32034
Ende 2020;Bayern;LK Berchtesgadener Land;09172;00-17;16545
Ende 2020;Bayern;LK Berchtesgadener Land;09172;18-59;57363
Ende 2020;Bayern;LK Berchtesgadener Land;09172;60+;32419
Ende 2020;Hessen;LK Bergstraße;06431;00-17;44409
Ende 2020;Hessen;LK Bergstraße;06431;18-59;144640
Ende 2020;Hessen;LK Bergstraße;06431;60+;81966
Ende 2020;Rheinland-Pfalz;LK Bernkastel-Wittlich;07231;00-17;18334
Ende 2020;Rheinland-Pfalz;LK Bernkastel-Wittlich;07231;18-59;59109
Ende 2020;Rheinland-Pfalz;LK Bernkastel-Wittlich;07231;60+;35242
Ende 2020;Baden-Württemberg;LK Biberach;08426;00-17;37730
Ende 2020;Baden-Württemberg;LK Biberach;08426;18-59;111727
Ende 2020;Baden-Württemberg;LK Biberach;08426;60+;52793
Ende 2020;Rheinland-Pfalz;LK Birkenfeld;07134;00-17;12846
Ende 2020;Rheinland-Pfalz;LK Birkenfeld;07134;18-59;41334
Ende 2020;Rheinland-Pfalz;LK Birkenfeld;07134;60+;26650
Ende 2020;Rheinland-Pfalz;LK Bitburg-Prüm;07232;00-17;16904
Ende 2020;Rheinland-Pfalz;LK Bitburg-Prüm;07232;18-59;54369
Ende 2020;Rheinland-Pfalz;LK Bitburg-Prüm;07232;60+;28782
Ende 2020;Baden-Württemberg;LK Bodenseekreis;08435;00-17;36312
Ende 2020;Baden-Württemberg;LK Bodenseekreis;08435;18-59;116071
Ende 2020;Baden-Württemberg;LK Bodenseekreis;08435;60+;65518
Ende 2020;Nordrhein-Westfalen;LK Borken;05554;00-17;68238
Ende 2020;Nordrhein-Westfalen;LK Borken;05554;18-59;204939
Ende 2020;Nordrhein-Westfalen;LK Borken;05554;60+;98721
Ende 2020;Baden-Württemberg;LK Breisgau-Hochschwarzwald;08315;00-17;46125
Ende 2020;Baden-Württemberg;LK Breisgau-Hochschwarzwald;08315;18-59;140264
Ende 2020;Baden-Württemberg;LK Breisgau-Hochschwarzwald;08315;60+;78478
Ende 2020;Sachsen-Anhalt;LK Burgenlandkreis;15084;00-17;25541
Ende 2020;Sachsen-Anhalt;LK Burgenlandkreis;15084;18-59;85474
Ende 2020;Sachsen-Anhalt;LK Burgenlandkreis;15084;60+;66575
Ende 2020;Baden-Württemberg;LK Böblingen;08115;00-17;70841
Ende 2020;Baden-Württemberg;LK Böblingen;08115;18-59;216803
Ende 2020;Baden-Württemberg;LK Böblingen;08115;60+;105254
Ende 2020;Sachsen-Anhalt;LK Börde;15083;00-17;26969
Ende 2020;Sachsen-Anhalt;LK Börde;15083;18-59;86195
Ende 2020;Sachsen-Anhalt;LK Börde;15083;60+;57403
Ende 2020;Baden-Württemberg;LK Calw;08235;00-17;27798
Ende 2020;Baden-Württemberg;LK Calw;08235;18-59;86439
Ende 2020;Baden-Württemberg;LK Calw;08235;60+;45912
Ende 2020;Niedersachsen;LK Celle;03351;00-17;30948
Ende 2020;Niedersachsen;LK Celle;03351;18-59;92894
Ende 2020;Niedersachsen;LK Celle;03351;60+;55544
Ende 2020;Bayern;LK Cham;09372;00-17;20430
Ende 2020;Bayern;LK Cham;09372;18-59;69479
Ende 2020;Bayern;LK Cham;09372;60+;38185
Ende 2020;Niedersachsen;LK Cloppenburg;03453;00-17;34721
Ende 2020;Niedersachsen;LK Cloppenburg;03453;18-59;97640
Ende 2020;Niedersachsen;LK Cloppenburg;03453;60+;40271
Ende 2020;Bayern;LK Coburg;09473;00-17;13558
Ende 2020;Bayern;LK Coburg;09473;18-59;45712
Ende 2020;Bayern;LK Coburg;09473;60+;27301
Ende 2020;Rheinland-Pfalz;LK Cochem-Zell;07135;00-17;9239
Ende 2020;Rheinland-Pfalz;LK Cochem-Zell;07135;18-59;31889
Ende 2020;Rheinland-Pfalz;LK Cochem-Zell;07135;60+;20450
Ende 2020;Nordrhein-Westfalen;LK Coesfeld;05558;00-17;38272
Ende 2020;Nordrhein-Westfalen;LK Coesfeld;05558;18-59;117664
Ende 2020;Nordrhein-Westfalen;LK Coesfeld;05558;60+;64776
Ende 2020;Niedersachsen;LK Cuxhaven;03352;00-17;32248
Ende 2020;Niedersachsen;LK Cuxhaven;03352;18-59;100291
Ende 2020;Niedersachsen;LK Cuxhaven;03352;60+;66287
Ende 2020;Bayern;LK Dachau;09174;00-17;27645
Ende 2020;Bayern;LK Dachau;09174;18-59;88384
Ende 2020;Bayern;LK Dachau;09174;60+;39088
Ende 2020;Brandenburg;LK Dahme-Spreewald;12061;00-17;28310
Ende 2020;Brandenburg;LK Dahme-Spreewald;12061;18-59;88913
Ende 2020;Brandenburg;LK Dahme-Spreewald;12061;60+;56093
Ende 2020;Hessen;LK Darmstadt-Dieburg;06432;00-17;51365
Ende 2020;Hessen;LK Darmstadt-Dieburg;06432;18-59;161793
Ende 2020;Hessen;LK Darmstadt-Dieburg;06432;60+;84543
Ende 2020;Bayern;LK Deggendorf;09271;00-17;18797
Ende 2020;Bayern;LK Deggendorf;09271;18-59;66597
Ende 2020;Bayern;LK Deggendorf;09271;60+;34085
Ende 2020;Niedersachsen;LK Diepholz;03251;00-17;36399
Ende 2020;Niedersachsen;LK Diepholz;03251;18-59;115893
Ende 2020;Niedersachsen;LK Diepholz;03251;60+;65780
Ende 2020;Bayern;LK Dillingen a.d.Donau;09773;00-17;16872
Ende 2020;Bayern;LK Dillingen a.d.Donau;09773;18-59;53110
Ende 2020;Bayern;LK Dillingen a.d.Donau;09773;60+;27190
Ende 2020;Bayern;LK Dingolfing-Landau;09279;00-17;16331
Ende 2020;Bayern;LK Dingolfing-Landau;09279;18-59;54785
Ende 2020;Bayern;LK Dingolfing-Landau;09279;60+;26128
Ende 2020;Schleswig-Holstein;LK Dithmarschen;01051;00-17;20896
Ende 2020;Schleswig-Holstein;LK Dithmarschen;01051;18-59;68416
Ende 2020;Schleswig-Holstein;LK Dithmarschen;01051;60+;43939
Ende 2020;Bayern;LK Donau-Ries;09779;00-17;23114
Ende 2020;Bayern;LK Donau-Ries;09779;18-59;74357
Ende 2020;Bayern;LK Donau-Ries;09779;60+;36853
Ende 2020;Rheinland-Pfalz;LK Donnersbergkreis;07333;00-17;12557
Ende 2020;Rheinland-Pfalz;LK Donnersbergkreis;07333;18-59;39672
Ende 2020;Rheinland-Pfalz;LK Donnersbergkreis;07333;60+;23310
Ende 2020;Nordrhein-Westfalen;LK Düren;05358;00-17;44842
Ende 2020;Nordrhein-Westfalen;LK Düren;05358;18-59;142653
Ende 2020;Nordrhein-Westfalen;LK Düren;05358;60+;77645
Ende 2020;Bayern;LK Ebersberg;09175;00-17;26857
Ende 2020;Bayern;LK Ebersberg;09175;18-59;81078
Ende 2020;Bayern;LK Ebersberg;09175;60+;36156
Ende 2020;Thüringen;LK Eichsfeld;16061;00-17;17266
Ende 2020;Thüringen;LK Eichsfeld;16061;18-59;49587
Ende 2020;Thüringen;LK Eichsfeld;16061;60+;32610
Ende 2020;Bayern;LK Eichstätt;09176;00-17;25257
Ende 2020;Bayern;LK Eichstätt;09176;18-59;74794
Ende 2020;Bayern;LK Eichstätt;09176;60+;33118
Ende 2020;Brandenburg;LK Elbe-Elster;12062;00-17;14372
Ende 2020;Brandenburg;LK Elbe-Elster;12062;18-59;47821
Ende 2020;Brandenburg;LK Elbe-Elster;12062;60+;38892
Ende 2020;Baden-Württemberg;LK Emmendingen;08316;00-17;29095
Ende 2020;Baden-Württemberg;LK Emmendingen;08316;18-59;89494
Ende 2020;Baden-Württemberg;LK Emmendingen;08316;60+;48273
Ende 2020;Niedersachsen;LK Emsland;03454;00-17;59420
Ende 2020;Niedersachsen;LK Emsland;03454;18-59;182263
Ende 2020;Niedersachsen;LK Emsland;03454;60+;87247
Ende 2020;Nordrhein-Westfalen;LK Ennepe-Ruhr-Kreis;05954;00-17;50472
Ende 2020;Nordrhein-Westfalen;LK Ennepe-Ruhr-Kreis;05954;18-59;170268
Ende 2020;Nordrhein-Westfalen;LK Ennepe-Ruhr-Kreis;05954;60+;102390
Ende 2020;Baden-Württemberg;LK Enzkreis;08236;00-17;34495
Ende 2020;Baden-Württemberg;LK Enzkreis;08236;18-59;107616
Ende 2020;Baden-Württemberg;LK Enzkreis;08236;60+;57641
Ende 2020;Bayern;LK Erding;09177;00-17;24922
Ende 2020;Bayern;LK Erding;09177;18-59;80851
Ende 2020;Bayern;LK Erding;09177;60+;33118
Ende 2020;Bayern;LK Erlangen-Höchstadt;09572;00-17;24856
Ende 2020;Bayern;LK Erlangen-Höchstadt;09572;18-59;74147
Ende 2020;Bayern;LK Erlangen-Höchstadt;09572;60+;39102
Ende 2020;Sachsen;LK Erzgebirgskreis;14521;00-17;51437
Ende 2020;Sachsen;LK Erzgebirgskreis;14521;18-59;151951
Ende 2020;Sachsen;LK Erzgebirgskreis;14521;60+;128529
Ende 2020;Baden-Württemberg;LK Esslingen;08116;00-17;90538
Ende 2020;Baden-Württemberg;LK Esslingen;08116;18-59;297472
Ende 2020;Baden-Württemberg;LK Esslingen;08116;60+;145607
Ende 2020;Nordrhein-Westfalen;LK Euskirchen;05366;00-17;32563
Ende 2020;Nordrhein-Westfalen;LK Euskirchen;05366;18-59;103464
Ende 2020;Nordrhein-Westfalen;LK Euskirchen;05366;60+;58332
Ende 2020;Bayern;LK Forchheim;09474;00-17;19636
Ende 2020;Bayern;LK Forchheim;09474;18-59;63271
Ende 2020;Bayern;LK Forchheim;09474;60+;33693
Ende 2020;Bayern;LK Freising;09178;00-17;31609
Ende 2020;Bayern;LK Freising;09178;18-59;108379
Ende 2020;Bayern;LK Freising;09178;60+;40325
Ende 2020;Baden-Württemberg;LK Freudenstadt;08237;00-17;20305
Ende 2020;Baden-Württemberg;LK Freudenstadt;08237;18-59;64239
Ende 2020;Baden-Württemberg;LK Freudenstadt;08237;60+;33820
Ende 2020;Bayern;LK Freyung-Grafenau;09272;00-17;11844
Ende 2020;Bayern;LK Freyung-Grafenau;09272;18-59;42107
Ende 2020;Bayern;LK Freyung-Grafenau;09272;60+;24404
Ende 2020;Niedersachsen;LK Friesland;03455;00-17;15545
Ende 2020;Niedersachsen;LK Friesland;03455;18-59;49953
Ende 2020;Niedersachsen;LK Friesland;03455;60+;33473
Ende 2020;Hessen;LK Fulda;06631;00-17;37832
Ende 2020;Hessen;LK Fulda;06631;18-59;121351
Ende 2020;Hessen;LK Fulda;06631;60+;63840
Ende 2020;Bayern;LK Fürstenfeldbruck;09179;00-17;38680
Ende 2020;Bayern;LK Fürstenfeldbruck;09179;18-59;118728
Ende 2020;Bayern;LK Fürstenfeldbruck;09179;60+;61332
Ende 2020;Bayern;LK Fürth;09573;00-17;19862
Ende 2020;Bayern;LK Fürth;09573;18-59;62724
Ende 2020;Bayern;LK Fürth;09573;60+;36109
Ende 2020;Bayern;LK Garmisch-Partenkirchen;09180;00-17;13491
Ende 2020;Bayern;LK Garmisch-Partenkirchen;09180;18-59;46521
Ende 2020;Bayern;LK Garmisch-Partenkirchen;09180;60+;28267
Ende 2020;Rheinland-Pfalz;LK Germersheim;07334;00-17;22092
Ende 2020;Rheinland-Pfalz;LK Germersheim;07334;18-59;70593
Ende 2020;Rheinland-Pfalz;LK Germersheim;07334;60+;36321
Ende 2020;Hessen;LK Gießen;06531;00-17;43208
Ende 2020;Hessen;LK Gießen;06531;18-59;156894
Ende 2020;Hessen;LK Gießen;06531;60+;71565
Ende 2020;Niedersachsen;LK Gifhorn;03151;00-17;32226
Ende 2020;Niedersachsen;LK Gifhorn;03151;18-59;95244
Ende 2020;Niedersachsen;LK Gifhorn;03151;60+;49757
Ende 2020;Niedersachsen;LK Goslar;03153;00-17;18133
Ende 2020;Niedersachsen;LK Goslar;03153;18-59;68832
Ende 2020;Niedersachsen;LK Goslar;03153;60+;47723
Ende 2020;Thüringen;LK Gotha;16067;00-17;20822
Ende 2020;Thüringen;LK Gotha;16067;18-59;67807
Ende 2020;Thüringen;LK Gotha;16067;60+;45934
Ende 2020;Niedersachsen;LK Grafschaft Bentheim;03456;00-17;24890
Ende 2020;Niedersachsen;LK Grafschaft Bentheim;03456;18-59;74522
Ende 2020;Niedersachsen;LK Grafschaft Bentheim;03456;60+;38479
Ende 2020;Thüringen;LK Greiz;16076;00-17;13877
Ende 2020;Thüringen;LK Greiz;16076;18-59;44411
Ende 2020;Thüringen;LK Greiz;16076;60+;38380
Ende 2020;Hessen;LK Groß-Gerau;06433;00-17;49536
Ende 2020;Hessen;LK Groß-Gerau;06433;18-59;155212
Ende 2020;Hessen;LK Groß-Gerau;06433;60+;71059
Ende 2020;Baden-Württemberg;LK Göppingen;08117;00-17;44103
Ende 2020;Baden-Württemberg;LK Göppingen;08117;18-59;140028
Ende 2020;Baden-Württemberg;LK Göppingen;08117;60+;74650
Ende 2020;Sachsen;LK Görlitz;14626;00-17;38118
Ende 2020;Sachsen;LK Görlitz;14626;18-59;114840
Ende 2020;Sachsen;LK Görlitz;14626;60+;97600
Ende 2020;Niedersachsen;LK Göttingen;03159;00-17;49583
Ende 2020;Niedersachsen;LK Göttingen;03159;18-59;176133
Ende 2020;Niedersachsen;LK Göttingen;03159;60+;98184
Ende 2020;Bayern;LK Günzburg;09774;00-17;22045
Ende 2020;Bayern;LK Günzburg;09774;18-59;70958
Ende 2020;Bayern;LK Günzburg;09774;60+;34339
Ende 2020;Nordrhein-Westfalen;LK Gütersloh;05754;00-17;65438
Ende 2020;Nordrhein-Westfalen;LK Gütersloh;05754;18-59;200800
Ende 2020;Nordrhein-Westfalen;LK Gütersloh;05754;60+;98580
Ende 2020;Niedersachsen;LK Hameln-Pyrmont;03252;00-17;23777
Ende 2020;Niedersachsen;LK Hameln-Pyrmont;03252;18-59;75385
Ende 2020;Niedersachsen;LK Hameln-Pyrmont;03252;60+;49418
Ende 2020;Niedersachsen;LK Harburg;03353;00-17;44344
Ende 2020;Niedersachsen;LK Harburg;03353;18-59;136402
Ende 2020;Niedersachsen;LK Harburg;03353;60+;75270
Ende 2020;Sachsen-Anhalt;LK Harz;15085;00-17;29537
Ende 2020;Sachsen-Anhalt;LK Harz;15085;18-59;101918
Ende 2020;Sachsen-Anhalt;LK Harz;15085;60+;79520
Ende 2020;Brandenburg;LK Havelland;12063;00-17;27883
Ende 2020;Brandenburg;LK Havelland;12063;18-59;85993
Ende 2020;Brandenburg;LK Havelland;12063;60+;50817
Ende 2020;Bayern;LK Haßberge;09674;00-17;13841
Ende 2020;Bayern;LK Haßberge;09674;18-59;45150
Ende 2020;Bayern;LK Haßberge;09674;60+;25284
Ende 2020;Niedersachsen;LK Heidekreis;03358;00-17;23731
Ende 2020;Niedersachsen;LK Heidekreis;03358;18-59;74869
Ende 2020;Niedersachsen;LK Heidekreis;03358;60+;42285
Ende 2020;Baden-Württemberg;LK Heidenheim;08135;00-17;22879
Ende 2020;Baden-Württemberg;LK Heidenheim;08135;18-59;71195
Ende 2020;Baden-Württemberg;LK Heidenheim;08135;60+;38738
Ende 2020;Baden-Württemberg;LK Heilbronn;08125;00-17;61376
Ende 2020;Baden-Württemberg;LK Heilbronn;08125;18-59;192890
Ende 2020;Baden-Württemberg;LK Heilbronn;08125;60+;92097
Ende 2020;Nordrhein-Westfalen;LK Heinsberg;05370;00-17;43249
Ende 2020;Nordrhein-Westfalen;LK Heinsberg;05370;18-59;138389
Ende 2020;Nordrhein-Westfalen;LK Heinsberg;05370;60+;74820
Ende 2020;Niedersachsen;LK Helmstedt;03154;00-17;14806
Ende 2020;Niedersachsen;LK Helmstedt;03154;18-59;47940
Ende 2020;Niedersachsen;LK Helmstedt;03154;60+;28772
Ende 2020;Nordrhein-Westfalen;LK Herford;05758;00-17;43101
Ende 2020;Nordrhein-Westfalen;LK Herford;05758;18-59;132598
Ende 2020;Nordrhein-Westfalen;LK Herford;05758;60+;74848
Ende 2020;Hessen;LK Hersfeld-Rotenburg;06632;00-17;19480
Ende 2020;Hessen;LK Hersfeld-Rotenburg;06632;18-59;62259
Ende 2020;Hessen;LK Hersfeld-Rotenburg;06632;60+;38565
Ende 2020;Schleswig-Holstein;LK Herzogtum Lauenburg;01053;00-17;34660
Ende 2020;Schleswig-Holstein;LK Herzogtum Lauenburg;01053;18-59;105297
Ende 2020;Schleswig-Holstein;LK Herzogtum Lauenburg;01053;60+;59195
Ende 2020;Thüringen;LK Hildburghausen;16069;00-17;9327
Ende 2020;Thüringen;LK Hildburghausen;16069;18-59;31446
Ende 2020;Thüringen;LK Hildburghausen;16069;60+;21883
Ende 2020;Niedersachsen;LK Hildesheim;03254;00-17;43355
Ende 2020;Niedersachsen;LK Hildesheim;03254;18-59;146915
Ende 2020;Niedersachsen;LK Hildesheim;03254;60+;85194
Ende 2020;Nordrhein-Westfalen;LK Hochsauerlandkreis;05958;00-17;42354
Ende 2020;Nordrhein-Westfalen;LK Hochsauerlandkreis;05958;18-59;138123
Ende 2020;Nordrhein-Westfalen;LK Hochsauerlandkreis;05958;60+;78553
Ende 2020;Hessen;LK Hochtaunuskreis;06434;00-17;43004
Ende 2020;Hessen;LK Hochtaunuskreis;06434;18-59;124526
Ende 2020;Hessen;LK Hochtaunuskreis;06434;60+;69751
Ende 2020;Bayern;LK Hof;09475;00-17;13754
Ende 2020;Bayern;LK Hof;09475;18-59;48258
Ende 2020;Bayern;LK Hof;09475;60+;32510
Ende 2020;Baden-Württemberg;LK Hohenlohekreis;08126;00-17;19632
Ende 2020;Baden-Württemberg;LK Hohenlohekreis;08126;18-59;62425
Ende 2020;Baden-Württemberg;LK Hohenlohekreis;08126;60+;30708
Ende 2020;Niedersachsen;LK Holzminden;03255;00-17;10583
Ende 2020;Niedersachsen;LK Holzminden;03255;18-59;35428
Ende 2020;Niedersachsen;LK Holzminden;03255;60+;24196
Ende 2020;Nordrhein-Westfalen;LK Höxter;05762;00-17;23419
Ende 2020;Nordrhein-Westfalen;LK Höxter;05762;18-59;72527
Ende 2020;Nordrhein-Westfalen;LK Höxter;05762;60+;43783
Ende 2020;Thüringen;LK Ilm-Kreis;16070;00-17;15940
Ende 2020;Thüringen;LK Ilm-Kreis;16070;18-59;53210
Ende 2020;Thüringen;LK Ilm-Kreis;16070;60+;36456
Ende 2020;Sachsen-Anhalt;LK Jerichower Land;15086;00-17;13571
Ende 2020;Sachsen-Anhalt;LK Jerichower Land;15086;18-59;43855
Ende 2020;Sachsen-Anhalt;LK Jerichower Land;15086;60+;31977
Ende 2020;Rheinland-Pfalz;LK Kaiserslautern;07335;00-17;19084
Ende 2020;Rheinland-Pfalz;LK Kaiserslautern;07335;18-59;54977
Ende 2020;Rheinland-Pfalz;LK Kaiserslautern;07335;60+;32259
Ende 2020;Baden-Württemberg;LK Karlsruhe;08215;00-17;74921
Ende 2020;Baden-Württemberg;LK Karlsruhe;08215;18-59;243419
Ende 2020;Baden-Württemberg;LK Karlsruhe;08215;60+;128512
Ende 2020;Hessen;LK Kassel;06633;00-17;37447
Ende 2020;Hessen;LK Kassel;06633;18-59;121791
Ende 2020;Hessen;LK Kassel;06633;60+;77769
Ende 2020;Bayern;LK Kelheim;09273;00-17;21897
Ende 2020;Bayern;LK Kelheim;09273;18-59;69386
Ende 2020;Bayern;LK Kelheim;09273;60+;32107
Ende 2020;Bayern;LK Kitzingen;09675;00-17;15195
Ende 2020;Bayern;LK Kitzingen;09675;18-59;50303
Ende 2020;Bayern;LK Kitzingen;09675;60+;26198
Ende 2020;Nordrhein-Westfalen;LK Kleve;05154;00-17;52111
Ende 2020;Nordrhein-Westfalen;LK Kleve;05154;18-59;172087
Ende 2020;Nordrhein-Westfalen;LK Kleve;05154;60+;89388
Ende 2020;Baden-Württemberg;LK Konstanz;08335;00-17;47368
Ende 2020;Baden-Württemberg;LK Konstanz;08335;18-59;159097
Ende 2020;Baden-Württemberg;LK Konstanz;08335;60+;80411
Ende 2020;Bayern;LK Kronach;09476;00-17;9177
Ende 2020;Bayern;LK Kronach;09476;18-59;35012
Ende 2020;Bayern;LK Kronach;09476;60+;22166
Ende 2020;Bayern;LK Kulmbach;09477;00-17;10334
Ende 2020;Bayern;LK Kulmbach;09477;18-59;37650
Ende 2020;Bayern;LK Kulmbach;09477;60+;23444
Ende 2020;Rheinland-Pfalz;LK Kusel;07336;00-17;10965
Ende 2020;Rheinland-Pfalz;LK Kusel;07336;18-59;35666
Ende 2020;Rheinland-Pfalz;LK Kusel;07336;60+;23474
Ende 2020;Thüringen;LK Kyffhäuserkreis;16065;00-17;10707
Ende 2020;Thüringen;LK Kyffhäuserkreis;16065;18-59;35075
Ende 2020;Thüringen;LK Kyffhäuserkreis;16065;60+;27740
Ende 2020;Hessen;LK Lahn-Dill-Kreis;06532;00-17;42202
Ende 2020;Hessen;LK Lahn-Dill-Kreis;06532;18-59;135254
Ende 2020;Hessen;LK Lahn-Dill-Kreis;06532;60+;75917
Ende 2020;Bayern;LK Landsberg a.Lech;09181;00-17;21360
Ende 2020;Bayern;LK Landsberg a.Lech;09181;18-59;66521
Ende 2020;Bayern;LK Landsberg a.Lech;09181;60+;33138
Ende 2020;Bayern;LK Landshut;09274;00-17;28963
Ende 2020;Bayern;LK Landshut;09274;18-59;90159
Ende 2020;Bayern;LK Landshut;09274;60+;42069
Ende 2020;Niedersachsen;LK Leer;03457;00-17;29624
Ende 2020;Niedersachsen;LK Leer;03457;18-59;92409
Ende 2020;Niedersachsen;LK Leer;03457;60+;49450
Ende 2020;Sachsen;LK Leipzig;14729;00-17;42095
Ende 2020;Sachsen;LK Leipzig;14729;18-59;125267
Ende 2020;Sachsen;LK Leipzig;14729;60+;91024
Ende 2020;Bayern;LK Lichtenfels;09478;00-17;10232
Ende 2020;Bayern;LK Lichtenfels;09478;18-59;35674
Ende 2020;Bayern;LK Lichtenfels;09478;60+;20816
Ende 2020;Hessen;LK Limburg-Weilburg;06533;00-17;28615
Ende 2020;Hessen;LK Limburg-Weilburg;06533;18-59;92757
Ende 2020;Hessen;LK Limburg-Weilburg;06533;60+;50919
Ende 2020;Bayern;LK Lindau;09776;00-17;13420
Ende 2020;Bayern;LK Lindau;09776;18-59;44171
Ende 2020;Bayern;LK Lindau;09776;60+;24494
Ende 2020;Nordrhein-Westfalen;LK Lippe;05766;00-17;62615
Ende 2020;Nordrhein-Westfalen;LK Lippe;05766;18-59;179415
Ende 2020;Nordrhein-Westfalen;LK Lippe;05766;60+;104940
Ende 2020;Baden-Württemberg;LK Ludwigsburg;08118;00-17;96318
Ende 2020;Baden-Württemberg;LK Ludwigsburg;08118;18-59;303467
Ende 2020;Baden-Württemberg;LK Ludwigsburg;08118;60+;145186
Ende 2020;Mecklenburg-Vorpommern;LK Ludwigslust-Parchim;13076;00-17;33116
Ende 2020;Mecklenburg-Vorpommern;LK Ludwigslust-Parchim;13076;18-59;106331
Ende 2020;Mecklenburg-Vorpommern;LK Ludwigslust-Parchim;13076;60+;72397
Ende 2020;Baden-Württemberg;LK Lörrach;08336;00-17;40610
Ende 2020;Baden-Württemberg;LK Lörrach;08336;18-59;124052
Ende 2020;Baden-Württemberg;LK Lörrach;08336;60+;64180
Ende 2020;Niedersachsen;LK Lüchow-Dannenberg;03354;00-17;7335
Ende 2020;Niedersachsen;LK Lüchow-Dannenberg;03354;18-59;23299
Ende 2020;Niedersachsen;LK Lüchow-Dannenberg;03354;60+;17869
Ende 2020;Niedersachsen;LK Lüneburg;03355;00-17;31577
Ende 2020;Niedersachsen;LK Lüneburg;03355;18-59;102415
Ende 2020;Niedersachsen;LK Lüneburg;03355;60+;50243
Ende 2020;Hessen;LK Main-Kinzig-Kreis;06435;00-17;71259
Ende 2020;Hessen;LK Main-Kinzig-Kreis;06435;18-59;228409
Ende 2020;Hessen;LK Main-Kinzig-Kreis;06435;60+;122021
Ende 2020;Bayern;LK Main-Spessart;09677;00-17;19543
Ende 2020;Bayern;LK Main-Spessart;09677;18-59;66222
Ende 2020;Bayern;LK Main-Spessart;09677;60+;40211
Ende 2020;Baden-Württemberg;LK Main-Tauber-Kreis;08128;00-17;21723
Ende 2020;Baden-Württemberg;LK Main-Tauber-Kreis;08128;18-59;70111
Ende 2020;Baden-Württemberg;LK Main-Tauber-Kreis;08128;60+;40850
Ende 2020;Hessen;LK Main-Taunus-Kreis;06436;00-17;43566
Ende 2020;Hessen;LK Main-Taunus-Kreis;06436;18-59;129607
Ende 2020;Hessen;LK Main-Taunus-Kreis;06436;60+;66091
Ende 2020;Rheinland-Pfalz;LK Mainz-Bingen;07339;00-17;36791
Ende 2020;Rheinland-Pfalz;LK Mainz-Bingen;07339;18-59;113344
Ende 2020;Rheinland-Pfalz;LK Mainz-Bingen;07339;60+;61390
Ende 2020;Sachsen-Anhalt;LK Mansfeld-Südharz;15087;00-17;18298
Ende 2020;Sachsen-Anhalt;LK Mansfeld-Südharz;15087;18-59;62327
Ende 2020;Sachsen-Anhalt;LK Mansfeld-Südharz;15087;60+;53065
Ende 2020;Hessen;LK Marburg-Biedenkopf;06534;00-17;39256
Ende 2020;Hessen;LK Marburg-Biedenkopf;06534;18-59;140522
Ende 2020;Hessen;LK Marburg-Biedenkopf;06534;60+;66125
Ende 2020;Rheinland-Pfalz;LK Mayen-Koblenz;07137;00-17;35332
Ende 2020;Rheinland-Pfalz;LK Mayen-Koblenz;07137;18-59;114758
Ende 2020;Rheinland-Pfalz;LK Mayen-Koblenz;07137;60+;64696
Ende 2020;Mecklenburg-Vorpommern;LK Mecklenburgische Seenplatte;13071;00-17;39097
Ende 2020;Mecklenburg-Vorpommern;LK Mecklenburgische Seenplatte;13071;18-59;124674
Ende 2020;Mecklenburg-Vorpommern;LK Mecklenburgische Seenplatte;13071;60+;94286
Ende 2020;Sachsen;LK Meißen;14627;00-17;39230
Ende 2020;Sachsen;LK Meißen;14627;18-59;114316
Ende 2020;Sachsen;LK Meißen;14627;60+;86825
Ende 2020;Saarland;LK Merzig-Wadern;10042;00-17;15570
Ende 2020;Saarland;LK Merzig-Wadern;10042;18-59;54847
Ende 2020;Saarland;LK Merzig-Wadern;10042;60+;33054
Ende 2020;Nordrhein-Westfalen;LK Mettmann;05158;00-17;81527
Ende 2020;Nordrhein-Westfalen;LK Mettmann;05158;18-59;251062
Ende 2020;Nordrhein-Westfalen;LK Mettmann;05158;60+;151733
Ende 2020;Bayern;LK Miesbach;09182;00-17;16621
Ende 2020;Bayern;LK Miesbach;09182;18-59;54035
Ende 2020;Bayern;LK Miesbach;09182;60+;29527
Ende 2020;Bayern;LK Miltenberg;09676;00-17;21233
Ende 2020;Bayern;LK Miltenberg;09676;18-59;69495
Ende 2020;Bayern;LK Miltenberg;09676;60+;38015
Ende 2020;Nordrhein-Westfalen;LK Minden-Lübbecke;05770;00-17;54540
Ende 2020;Nordrhein-Westfalen;LK Minden-Lübbecke;05770;18-59;163049
Ende 2020;Nordrhein-Westfalen;LK Minden-Lübbecke;05770;60+;92681
Ende 2020;Sachsen;LK Mittelsachsen;14522;00-17;46341
Ende 2020;Sachsen;LK Mittelsachsen;14522;18-59;144043
Ende 2020;Sachsen;LK Mittelsachsen;14522;60+;111090
Ende 2020;Brandenburg;LK Märkisch-Oderland;12064;00-17;32081
Ende 2020;Brandenburg;LK Märkisch-Oderland;12064;18-59;99189
Ende 2020;Brandenburg;LK Märkisch-Oderland;12064;60+;65925
Ende 2020;Nordrhein-Westfalen;LK Märkischer Kreis;05962;00-17;68673
Ende 2020;Nordrhein-Westfalen;LK Märkischer Kreis;05962;18-59;217649
Ende 2020;Nordrhein-Westfalen;LK Märkischer Kreis;05962;60+;122340
Ende 2020;Bayern;LK Mühldorf a.Inn;09183;00-17;20135
Ende 2020;Bayern;LK Mühldorf a.Inn;09183;18-59;64507
Ende 2020;Bayern;LK Mühldorf a.Inn;09183;60+;31841
Ende 2020;Bayern;LK München;09184;00-17;63766
Ende 2020;Bayern;LK München;09184;18-59;193576
Ende 2020;Bayern;LK München;09184;60+;92343
Ende 2020;Baden-Württemberg;LK Neckar-Odenwald-Kreis;08225;00-17;23727
Ende 2020;Baden-Württemberg;LK Neckar-Odenwald-Kreis;08225;18-59;76901
Ende 2020;Baden-Württemberg;LK Neckar-Odenwald-Kreis;08225;60+;43169
Ende 2020;Bayern;LK Neu-Ulm;09775;00-17;30365
Ende 2020;Bayern;LK Neu-Ulm;09775;18-59;97526
Ende 2020;Bayern;LK Neu-Ulm;09775;60+;47932
Ende 2020;Bayern;LK Neuburg-Schrobenhausen;09185;00-17;17495
Ende 2020;Bayern;LK Neuburg-Schrobenhausen;09185;18-59;54154
Ende 2020;Bayern;LK Neuburg-Schrobenhausen;09185;60+;26081
Ende 2020;Bayern;LK Neumarkt i.d.OPf.;09373;00-17;23124
Ende 2020;Bayern;LK Neumarkt i.d.OPf.;09373;18-59;75639
Ende 2020;Bayern;LK Neumarkt i.d.OPf.;09373;60+;36462
Ende 2020;Saarland;LK Neunkirchen;10043;00-17;19387
Ende 2020;Saarland;LK Neunkirchen;10043;18-59;68000
Ende 2020;Saarland;LK Neunkirchen;10043;60+;43785
Ende 2020;Bayern;LK Neustadt a.d.Aisch-Bad Windsheim;09575;00-17;17055
Ende 2020;Bayern;LK Neustadt a.d.Aisch-Bad Windsheim;09575;18-59;54808
Ende 2020;Bayern;LK Neustadt a.d.Aisch-Bad Windsheim;09575;60+;29409
Ende 2020;Bayern;LK Neustadt a.d.Waldnaab;09374;00-17;15532
Ende 2020;Bayern;LK Neustadt a.d.Waldnaab;09374;18-59;51304
Ende 2020;Bayern;LK Neustadt a.d.Waldnaab;09374;60+;27809
Ende 2020;Rheinland-Pfalz;LK Neuwied;07138;00-17;31382
Ende 2020;Rheinland-Pfalz;LK Neuwied;07138;18-59;96281
Ende 2020;Rheinland-Pfalz;LK Neuwied;07138;60+;55468
Ende 2020;Niedersachsen;LK Nienburg (Weser);03256;00-17;20666
Ende 2020;Niedersachsen;LK Nienburg (Weser);03256;18-59;64076
Ende 2020;Niedersachsen;LK Nienburg (Weser);03256;60+;36903
Ende 2020;Schleswig-Holstein;LK Nordfriesland;01054;00-17;25829
Ende 2020;Schleswig-Holstein;LK Nordfriesland;01054;18-59;87780
Ende 2020;Schleswig-Holstein;LK Nordfriesland;01054;60+;53538
Ende 2020;Thüringen;LK Nordhausen;16062;00-17;12524
Ende 2020;Thüringen;LK Nordhausen;16062;18-59;40480
Ende 2020;Thüringen;LK Nordhausen;16062;60+;29452
Ende 2020;Sachsen;LK Nordsachsen;14730;00-17;31458
Ende 2020;Sachsen;LK Nordsachsen;14730;18-59;97106
Ende 2020;Sachsen;LK Nordsachsen;14730;60+;68880
Ende 2020;Mecklenburg-Vorpommern;LK Nordwestmecklenburg;13074;00-17;25178
Ende 2020;Mecklenburg-Vorpommern;LK Nordwestmecklenburg;13074;18-59;80507
Ende 2020;Mecklenburg-Vorpommern;LK Nordwestmecklenburg;13074;60+;52290
Ende 2020;Niedersachsen;LK Northeim;03155;00-17;19977
Ende 2020;Niedersachsen;LK Northeim;03155;18-59;66992
Ende 2020;Niedersachsen;LK Northeim;03155;60+;44803
Ende 2020;Bayern;LK Nürnberger Land;09574;00-17;28450
Ende 2020;Bayern;LK Nürnberger Land;09574;18-59;91364
Ende 2020;Bayern;LK Nürnberger Land;09574;60+;51329
Ende 2020;Bayern;LK Oberallgäu;09780;00-17;25701
Ende 2020;Bayern;LK Oberallgäu;09780;18-59;83330
Ende 2020;Bayern;LK Oberallgäu;09780;60+;47277
Ende 2020;Nordrhein-Westfalen;LK Oberbergischer Kreis;05374;00-17;47778
Ende 2020;Nordrhein-Westfalen;LK Oberbergischer Kreis;05374;18-59;144209
Ende 2020;Nordrhein-Westfalen;LK Oberbergischer Kreis;05374;60+;79712
Ende 2020;Brandenburg;LK Oberhavel;12065;00-17;35552
Ende 2020;Brandenburg;LK Oberhavel;12065;18-59;111238
Ende 2020;Brandenburg;LK Oberhavel;12065;60+;67444
Ende 2020;Brandenburg;LK Oberspreewald-Lausitz;12066;00-17;15351
Ende 2020;Brandenburg;LK Oberspreewald-Lausitz;12066;18-59;51578
Ende 2020;Brandenburg;LK Oberspreewald-Lausitz;12066;60+;41467
Ende 2020;Hessen;LK Odenwaldkreis;06437;00-17;15364
Ende 2020;Hessen;LK Odenwaldkreis;06437;18-59;50411
Ende 2020;Hessen;LK Odenwaldkreis;06437;60+;30979
Ende 2020;Brandenburg;LK Oder-Spree;12067;00-17;27831
Ende 2020;Brandenburg;LK Oder-Spree;12067;18-59;86666
Ende 2020;Brandenburg;LK Oder-Spree;12067;60+;64779
Ende 2020;Hessen;LK Offenbach;06438;00-17;62813
Ende 2020;Hessen;LK Offenbach;06438;18-59;194011
Ende 2020;Hessen;LK Offenbach;06438;60+;99718
Ende 2020;Niedersachsen;LK Oldenburg;03458;00-17;22312
Ende 2020;Niedersachsen;LK Oldenburg;03458;18-59;70952
Ende 2020;Niedersachsen;LK Oldenburg;03458;60+;38203
Ende 2020;Nordrhein-Westfalen;LK Olpe;05966;00-17;22756
Ende 2020;Nordrhein-Westfalen;LK Olpe;05966;18-59;72848
Ende 2020;Nordrhein-Westfalen;LK Olpe;05966;60+;37758
Ende 2020;Baden-Württemberg;LK Ortenaukreis;08317;00-17;75076
Ende 2020;Baden-Württemberg;LK Ortenaukreis;08317;18-59;233682
Ende 2020;Baden-Württemberg;LK Ortenaukreis;08317;60+;123822
Ende 2020;Niedersachsen;LK Osnabrück;03459;00-17;64330
Ende 2020;Niedersachsen;LK Osnabrück;03459;18-59;192522
Ende 2020;Niedersachsen;LK Osnabrück;03459;60+;102619
Ende 2020;Baden-Württemberg;LK Ostalbkreis;08136;00-17;53702
Ende 2020;Baden-Württemberg;LK Ostalbkreis;08136;18-59;172089
Ende 2020;Baden-Württemberg;LK Ostalbkreis;08136;60+;88503
Ende 2020;Bayern;LK Ostallgäu;09777;00-17;24990
Ende 2020;Bayern;LK Ostallgäu;09777;18-59;76453
Ende 2020;Bayern;LK Ostallgäu;09777;60+;40464
Ende 2020;Niedersachsen;LK Osterholz;03356;00-17;19361
Ende 2020;Niedersachsen;LK Osterholz;03356;18-59;59483
Ende 2020;Niedersachsen;LK Osterholz;03356;60+;35796
Ende 2020;Schleswig-Holstein;LK Ostholstein;01055;00-17;28768
Ende 2020;Schleswig-Holstein;LK Ostholstein;01055;18-59;100411
Ende 2020;Schleswig-Holstein;LK Ostholstein;01055;60+;72308
Ende 2020;Brandenburg;LK Ostprignitz-Ruppin;12068;00-17;14716
Ende 2020;Brandenburg;LK Ostprignitz-Ruppin;12068;18-59;48346
Ende 2020;Brandenburg;LK Ostprignitz-Ruppin;12068;60+;35746
Ende 2020;Nordrhein-Westfalen;LK Paderborn;05774;00-17;54608
Ende 2020;Nordrhein-Westfalen;LK Paderborn;05774;18-59;174515
Ende 2020;Nordrhein-Westfalen;LK Paderborn;05774;60+;79212
Ende 2020;Bayern;LK Passau;09275;00-17;30564
Ende 2020;Bayern;LK Passau;09275;18-59;103683
Ende 2020;Bayern;LK Passau;09275;60+;59207
Ende 2020;Niedersachsen;LK Peine;03157;00-17;24222
Ende 2020;Niedersachsen;LK Peine;03157;18-59;72767
Ende 2020;Niedersachsen;LK Peine;03157;60+;38855
Ende 2020;Bayern;LK Pfaffenhofen a.d.Ilm;09186;00-17;22935
Ende 2020;Bayern;LK Pfaffenhofen a.d.Ilm;09186;18-59;73378
Ende 2020;Bayern;LK Pfaffenhofen a.d.Ilm;09186;60+;32815
Ende 2020;Schleswig-Holstein;LK Pinneberg;01056;00-17;54321
Ende 2020;Schleswig-Holstein;LK Pinneberg;01056;18-59;170634
Ende 2020;Schleswig-Holstein;LK Pinneberg;01056;60+;92130
Ende 2020;Schleswig-Holstein;LK Plön;01057;00-17;20592
Ende 2020;Schleswig-Holstein;LK Plön;01057;18-59;64617
Ende 2020;Schleswig-Holstein;LK Plön;01057;60+;44144
Ende 2020;Brandenburg;LK Potsdam-Mittelmark;12069;00-17;37977
Ende 2020;Brandenburg;LK Potsdam-Mittelmark;12069;18-59;111444
Ende 2020;Brandenburg;LK Potsdam-Mittelmark;12069;60+;68533
Ende 2020;Brandenburg;LK Prignitz;12070;00-17;10605
Ende 2020;Brandenburg;LK Prignitz;12070;18-59;36285
Ende 2020;Brandenburg;LK Prignitz;12070;60+;29206
Ende 2020;Baden-Württemberg;LK Rastatt;08216;00-17;38235
Ende 2020;Baden-Württemberg;LK Rastatt;08216;18-59;125010
Ende 2020;Baden-Württemberg;LK Rastatt;08216;60+;68846
Ende 2020;Baden-Württemberg;LK Ravensburg;08436;00-17;50248
Ende 2020;Baden-Württemberg;LK Ravensburg;08436;18-59;158136
Ende 2020;Baden-Württemberg;LK Ravensburg;08436;60+;77504
Ende 2020;Nordrhein-Westfalen;LK Recklinghausen;05562;00-17;100642
Ende 2020;Nordrhein-Westfalen;LK Recklinghausen;05562;18-59;322103
Ende 2020;Nordrhein-Westfalen;LK Recklinghausen;05562;60+;190854
Ende 2020;Bayern;LK Regen;09276;00-17;12006
Ende 2020;Bayern;LK Regen;09276;18-59;41202
Ende 2020;Bayern;LK Regen;09276;60+;24105
Ende 2020;Bayern;LK Regensburg;09375;00-17;33861
Ende 2020;Bayern;LK Regensburg;09375;18-59;107091
Ende 2020;Bayern;LK Regensburg;09375;60+;53323
Ende 2020;Baden-Württemberg;LK Rems-Murr-Kreis;08119;00-17;73765
Ende 2020;Baden-Württemberg;LK Rems-Murr-Kreis;08119;18-59;233059
Ende 2020;Baden-Württemberg;LK Rems-Murr-Kreis;08119;60+;120462
Ende 2020;Schleswig-Holstein;LK Rendsburg-Eckernförde;01058;00-17;46162
Ende 2020;Schleswig-Holstein;LK Rendsburg-Eckernförde;01058;18-59;142965
Ende 2020;Schleswig-Holstein;LK Rendsburg-Eckernförde;01058;60+;85638
Ende 2020;Baden-Württemberg;LK Reutlingen;08415;00-17;50127
Ende 2020;Baden-Württemberg;LK Reutlingen;08415;18-59;156963
Ende 2020;Baden-Württemberg;LK Reutlingen;08415;60+;80407
Ende 2020;Nordrhein-Westfalen;LK Rhein-Erft-Kreis;05362;00-17;81994
Ende 2020;Nordrhein-Westfalen;LK Rhein-Erft-Kreis;05362;18-59;252340
Ende 2020;Nordrhein-Westfalen;LK Rhein-Erft-Kreis;05362;60+;135277
Ende 2020;Rheinland-Pfalz;LK Rhein-Hunsrück-Kreis;07140;00-17;16758
Ende 2020;Rheinland-Pfalz;LK Rhein-Hunsrück-Kreis;07140;18-59;54131
Ende 2020;Rheinland-Pfalz;LK Rhein-Hunsrück-Kreis;07140;60+;32512
Ende 2020;Nordrhein-Westfalen;LK Rhein-Kreis Neuss;05162;00-17;78613
Ende 2020;Nordrhein-Westfalen;LK Rhein-Kreis Neuss;05162;18-59;240289
Ende 2020;Nordrhein-Westfalen;LK Rhein-Kreis Neuss;05162;60+;133099
Ende 2020;Rheinland-Pfalz;LK Rhein-Lahn-Kreis;07141;00-17;19707
Ende 2020;Rheinland-Pfalz;LK Rhein-Lahn-Kreis;07141;18-59;64108
Ende 2020;Rheinland-Pfalz;LK Rhein-Lahn-Kreis;07141;60+;38759
Ende 2020;Baden-Württemberg;LK Rhein-Neckar-Kreis;08226;00-17;92966
Ende 2020;Baden-Württemberg;LK Rhein-Neckar-Kreis;08226;18-59;295844
Ende 2020;Baden-Württemberg;LK Rhein-Neckar-Kreis;08226;60+;159423
Ende 2020;Rheinland-Pfalz;LK Rhein-Pfalz-Kreis;07338;00-17;26288
Ende 2020;Rheinland-Pfalz;LK Rhein-Pfalz-Kreis;07338;18-59;81000
Ende 2020;Rheinland-Pfalz;LK Rhein-Pfalz-Kreis;07338;60+;47466
Ende 2020;Nordrhein-Westfalen;LK Rhein-Sieg-Kreis;05382;00-17;105538
Ende 2020;Nordrhein-Westfalen;LK Rhein-Sieg-Kreis;05382;18-59;319542
Ende 2020;Nordrhein-Westfalen;LK Rhein-Sieg-Kreis;05382;60+;175295
Ende 2020;Hessen;LK Rheingau-Taunus-Kreis;06439;00-17;30583
Ende 2020;Hessen;LK Rheingau-Taunus-Kreis;06439;18-59;99173
Ende 2020;Hessen;LK Rheingau-Taunus-Kreis;06439;60+;57677
Ende 2020;Nordrhein-Westfalen;LK Rheinisch-Bergischer Kreis;05378;00-17;47634
Ende 2020;Nordrhein-Westfalen;LK Rheinisch-Bergischer Kreis;05378;18-59;147663
Ende 2020;Nordrhein-Westfalen;LK Rheinisch-Bergischer Kreis;05378;60+;87978
Ende 2020;Bayern;LK Rhön-Grabfeld;09673;00-17;13070
Ende 2020;Bayern;LK Rhön-Grabfeld;09673;18-59;41735
Ende 2020;Bayern;LK Rhön-Grabfeld;09673;60+;24705
Ende 2020;Bayern;LK Rosenheim;09187;00-17;44748
Ende 2020;Bayern;LK Rosenheim;09187;18-59;141689
Ende 2020;Bayern;LK Rosenheim;09187;60+;75284
Ende 2020;Mecklenburg-Vorpommern;LK Rostock;13072;00-17;36170
Ende 2020;Mecklenburg-Vorpommern;LK Rostock;13072;18-59;107324
Ende 2020;Mecklenburg-Vorpommern;LK Rostock;13072;60+;73578
Ende 2020;Niedersachsen;LK Rotenburg (Wümme);03357;00-17;27935
Ende 2020;Niedersachsen;LK Rotenburg (Wümme);03357;18-59;88905
Ende 2020;Niedersachsen;LK Rotenburg (Wümme);03357;60+;47646
Ende 2020;Bayern;LK Roth;09576;00-17;21420
Ende 2020;Bayern;LK Roth;09576;18-59;69080
Ende 2020;Bayern;LK Roth;09576;60+;36668
Ende 2020;Bayern;LK Rottal-Inn;09277;00-17;19790
Ende 2020;Bayern;LK Rottal-Inn;09277;18-59;66278
Ende 2020;Bayern;LK Rottal-Inn;09277;60+;35732
Ende 2020;Baden-Württemberg;LK Rottweil;08325;00-17;24861
Ende 2020;Baden-Württemberg;LK Rottweil;08325;18-59;75276
Ende 2020;Baden-Württemberg;LK Rottweil;08325;60+;40029
Ende 2020;Thüringen;LK Saale-Holzland-Kreis;16074;00-17;12840
Ende 2020;Thüringen;LK Saale-Holzland-Kreis;16074;18-59;40662
Ende 2020;Thüringen;LK Saale-Holzland-Kreis;16074;60+;29314
Ende 2020;Thüringen;LK Saale-Orla-Kreis;16075;00-17;11856
Ende 2020;Thüringen;LK Saale-Orla-Kreis;16075;18-59;38478
Ende 2020;Thüringen;LK Saale-Orla-Kreis;16075;60+;29298
Ende 2020;Sachsen-Anhalt;LK Saalekreis;15088;00-17;28618
Ende 2020;Sachsen-Anhalt;LK Saalekreis;15088;18-59;90882
Ende 2020;Sachsen-Anhalt;LK Saalekreis;15088;60+;63934
Ende 2020;Thüringen;LK Saalfeld-Rudolstadt;16073;00-17;14367
Ende 2020;Thüringen;LK Saalfeld-Rudolstadt;16073;18-59;47985
Ende 2020;Thüringen;LK Saalfeld-Rudolstadt;16073;60+;39787
Ende 2020;Saarland;LK Saarlouis;10044;00-17;29208
Ende 2020;Saarland;LK Saarlouis;10044;18-59;100275
Ende 2020;Saarland;LK Saarlouis;10044;60+;64249
Ende 2020;Saarland;LK Saarpfalz-Kreis;10045;00-17;20648
Ende 2020;Saarland;LK Saarpfalz-Kreis;10045;18-59;72752
Ende 2020;Saarland;LK Saarpfalz-Kreis;10045;60+;48256
Ende 2020;Sachsen-Anhalt;LK Salzlandkreis;15089;00-17;26865
Ende 2020;Sachsen-Anhalt;LK Salzlandkreis;15089;18-59;90748
Ende 2020;Sachsen-Anhalt;LK Salzlandkreis;15089;60+;69844
Ende 2020;Saarland;LK Sankt Wendel;10046;00-17;12174
Ende 2020;Saarland;LK Sankt Wendel;10046;18-59;44388
Ende 2020;Saarland;LK Sankt Wendel;10046;60+;29896
Ende 2020;Niedersachsen;LK Schaumburg;03257;00-17;24850
Ende 2020;Niedersachsen;LK Schaumburg;03257;18-59;82314
Ende 2020;Niedersachsen;LK Schaumburg;03257;60+;51242
Ende 2020;Schleswig-Holstein;LK Schleswig-Flensburg;01059;00-17;34209
Ende 2020;Schleswig-Holstein;LK Schleswig-Flensburg;01059;18-59;104477
Ende 2020;Schleswig-Holstein;LK Schleswig-Flensburg;01059;60+;63961
Ende 2020;Thüringen;LK Schmalkalden-Meiningen;16066;00-17;18275
Ende 2020;Thüringen;LK Schmalkalden-Meiningen;16066;18-59;61060
Ende 2020;Thüringen;LK Schmalkalden-Meiningen;16066;60+;44906
Ende 2020;Hessen;LK Schwalm-Eder-Kreis;06634;00-17;28321
Ende 2020;Hessen;LK Schwalm-Eder-Kreis;06634;18-59;94834
Ende 2020;Hessen;LK Schwalm-Eder-Kreis;06634;60+;56685
Ende 2020;Bayern;LK Schwandorf;09376;00-17;24106
Ende 2020;Bayern;LK Schwandorf;09376;18-59;82256
Ende 2020;Bayern;LK Schwandorf;09376;60+;42115
Ende 2020;Baden-Württemberg;LK Schwarzwald-Baar-Kreis;08326;00-17;36179
Ende 2020;Baden-Württemberg;LK Schwarzwald-Baar-Kreis;08326;18-59;113239
Ende 2020;Baden-Württemberg;LK Schwarzwald-Baar-Kreis;08326;60+;63454
Ende 2020;Bayern;LK Schweinfurt;09678;00-17;19042
Ende 2020;Bayern;LK Schweinfurt;09678;18-59;61683
Ende 2020;Bayern;LK Schweinfurt;09678;60+;34927
Ende 2020;Baden-Württemberg;LK Schwäbisch Hall;08127;00-17;35299
Ende 2020;Baden-Württemberg;LK Schwäbisch Hall;08127;18-59;109411
Ende 2020;Baden-Württemberg;LK Schwäbisch Hall;08127;60+;53150
Ende 2020;Schleswig-Holstein;LK Segeberg;01060;00-17;47229
Ende 2020;Schleswig-Holstein;LK Segeberg;01060;18-59;150253
Ende 2020;Schleswig-Holstein;LK Segeberg;01060;60+;80525
Ende 2020;Nordrhein-Westfalen;LK Siegen-Wittgenstein;05970;00-17;45607
Ende 2020;Nordrhein-Westfalen;LK Siegen-Wittgenstein;05970;18-59;149160
Ende 2020;Nordrhein-Westfalen;LK Siegen-Wittgenstein;05970;60+;80724
Ende 2020;Baden-Württemberg;LK Sigmaringen;08437;00-17;22628
Ende 2020;Baden-Württemberg;LK Sigmaringen;08437;18-59;71170
Ende 2020;Baden-Württemberg;LK Sigmaringen;08437;60+;37148
Ende 2020;Nordrhein-Westfalen;LK Soest;05974;00-17;51057
Ende 2020;Nordrhein-Westfalen;LK Soest;05974;18-59;161415
Ende 2020;Nordrhein-Westfalen;LK Soest;05974;60+;88544
Ende 2020;Thüringen;LK Sonneberg;16072;00-17;7763
Ende 2020;Thüringen;LK Sonneberg;16072;18-59;27681
Ende 2020;Thüringen;LK Sonneberg;16072;60+;21600
Ende 2020;Brandenburg;LK Spree-Neiße;12071;00-17;16323
Ende 2020;Brandenburg;LK Spree-Neiße;12071;18-59;52896
Ende 2020;Brandenburg;LK Spree-Neiße;12071;60+;43792
Ende 2020;Niedersachsen;LK Stade;03359;00-17;36447
Ende 2020;Niedersachsen;LK Stade;03359;18-59;110242
Ende 2020;Niedersachsen;LK Stade;03359;60+;58668
Ende 2020;Saarland;LK Stadtverband Saarbrücken;10041;00-17;49275
Ende 2020;Saarland;LK Stadtverband Saarbrücken;10041;18-59;176341
Ende 2020;Saarland;LK Stadtverband Saarbrücken;10041;60+;101886
Ende 2020;Bayern;LK Starnberg;09188;00-17;24347
Ende 2020;Bayern;LK Starnberg;09188;18-59;71493
Ende 2020;Bayern;LK Starnberg;09188;60+;40770
Ende 2020;Schleswig-Holstein;LK Steinburg;01061;00-17;21024
Ende 2020;Schleswig-Holstein;LK Steinburg;01061;18-59;69596
Ende 2020;Schleswig-Holstein;LK Steinburg;01061;60+;40086
Ende 2020;Nordrhein-Westfalen;LK Steinfurt;05566;00-17;80529
Ende 2020;Nordrhein-Westfalen;LK Steinfurt;05566;18-59;244379
Ende 2020;Nordrhein-Westfalen;LK Steinfurt;05566;60+;123289
Ende 2020;Sachsen-Anhalt;LK Stendal;15090;00-17;16534
Ende 2020;Sachsen-Anhalt;LK Stendal;15090;18-59;54204
Ende 2020;Sachsen-Anhalt;LK Stendal;15090;60+;39747
Ende 2020;Schleswig-Holstein;LK Stormarn;01062;00-17;42570
Ende 2020;Schleswig-Holstein;LK Stormarn;01062;18-59;128511
Ende 2020;Schleswig-Holstein;LK Stormarn;01062;60+;73908
Ende 2020;Bayern;LK Straubing-Bogen;09278;00-17;17558
Ende 2020;Bayern;LK Straubing-Bogen;09278;18-59;56104
Ende 2020;Bayern;LK Straubing-Bogen;09278;60+;28083
Ende 2020;Sachsen;LK Sächsische Schweiz-Osterzgebirge;14628;00-17;41320
Ende 2020;Sachsen;LK Sächsische Schweiz-Osterzgebirge;14628;18-59;116680
Ende 2020;Sachsen;LK Sächsische Schweiz-Osterzgebirge;14628;60+;86722
Ende 2020;Thüringen;LK Sömmerda;16068;00-17;11005
Ende 2020;Thüringen;LK Sömmerda;16068;18-59;34299
Ende 2020;Thüringen;LK Sömmerda;16068;60+;23803
Ende 2020;Rheinland-Pfalz;LK Südliche Weinstraße;07337;00-17;17479
Ende 2020;Rheinland-Pfalz;LK Südliche Weinstraße;07337;18-59;57926
Ende 2020;Rheinland-Pfalz;LK Südliche Weinstraße;07337;60+;35378
Ende 2020;Rheinland-Pfalz;LK Südwestpfalz;07340;00-17;13689
Ende 2020;Rheinland-Pfalz;LK Südwestpfalz;07340;18-59;48329
Ende 2020;Rheinland-Pfalz;LK Südwestpfalz;07340;60+;32894
Ende 2020;Brandenburg;LK Teltow-Fläming;12072;00-17;28524
Ende 2020;Brandenburg;LK Teltow-Fläming;12072;18-59;90551
Ende 2020;Brandenburg;LK Teltow-Fläming;12072;60+;52479
Ende 2020;Bayern;LK Tirschenreuth;09377;00-17;10984
Ende 2020;Bayern;LK Tirschenreuth;09377;18-59;38254
Ende 2020;Bayern;LK Tirschenreuth;09377;60+;22458
Ende 2020;Bayern;LK Traunstein;09189;00-17;29048
Ende 2020;Bayern;LK Traunstein;09189;18-59;94740
Ende 2020;Bayern;LK Traunstein;09189;60+;53697
Ende 2020;Rheinland-Pfalz;LK Trier-Saarburg;07235;00-17;25680
Ende 2020;Rheinland-Pfalz;LK Trier-Saarburg;07235;18-59;81489
Ende 2020;Rheinland-Pfalz;LK Trier-Saarburg;07235;60+;43364
Ende 2020;Baden-Württemberg;LK Tuttlingen;08327;00-17;26548
Ende 2020;Baden-Württemberg;LK Tuttlingen;08327;18-59;77415
Ende 2020;Baden-Württemberg;LK Tuttlingen;08327;60+;37719
Ende 2020;Baden-Württemberg;LK Tübingen;08416;00-17;38585
Ende 2020;Baden-Württemberg;LK Tübingen;08416;18-59;133756
Ende 2020;Baden-Württemberg;LK Tübingen;08416;60+;56130
Ende 2020;Brandenburg;LK Uckermark;12073;00-17;17226
Ende 2020;Brandenburg;LK Uckermark;12073;18-59;55637
Ende 2020;Brandenburg;LK Uckermark;12073;60+;45387
Ende 2020;Niedersachsen;LK Uelzen;03360;00-17;14098
Ende 2020;Niedersachsen;LK Uelzen;03360;18-59;47350
Ende 2020;Niedersachsen;LK Uelzen;03360;60+;31118
Ende 2020;Nordrhein-Westfalen;LK Unna;05978;00-17;64544
Ende 2020;Nordrhein-Westfalen;LK Unna;05978;18-59;207350
Ende 2020;Nordrhein-Westfalen;LK Unna;05978;60+;121724
Ende 2020;Thüringen;LK Unstrut-Hainich-Kreis;16064;00-17;16666
Ende 2020;Thüringen;LK Unstrut-Hainich-Kreis;16064;18-59;49760
Ende 2020;Thüringen;LK Unstrut-Hainich-Kreis;16064;60+;35272
Ende 2020;Bayern;LK Unterallgäu;09778;00-17;25251
Ende 2020;Bayern;LK Unterallgäu;09778;18-59;79649
Ende 2020;Bayern;LK Unterallgäu;09778;60+;41264
Ende 2020;Niedersachsen;LK Vechta;03460;00-17;28384
Ende 2020;Niedersachsen;LK Vechta;03460;18-59;82091
Ende 2020;Niedersachsen;LK Vechta;03460;60+;33223
Ende 2020;Niedersachsen;LK Verden;03361;00-17;24295
Ende 2020;Niedersachsen;LK Verden;03361;18-59;72071
Ende 2020;Niedersachsen;LK Verden;03361;60+;41208
Ende 2020;Nordrhein-Westfalen;LK Viersen;05166;00-17;47994
Ende 2020;Nordrhein-Westfalen;LK Viersen;05166;18-59;159678
Ende 2020;Nordrhein-Westfalen;LK Viersen;05166;60+;90864
Ende 2020;Hessen;LK Vogelsbergkreis;06535;00-17;16000
Ende 2020;Hessen;LK Vogelsbergkreis;06535;18-59;54081
Ende 2020;Hessen;LK Vogelsbergkreis;06535;60+;35425
Ende 2020;Sachsen;LK Vogtlandkreis;14523;00-17;32357
Ende 2020;Sachsen;LK Vogtlandkreis;14523;18-59;104156
Ende 2020;Sachsen;LK Vogtlandkreis;14523;60+;87392
Ende 2020;Mecklenburg-Vorpommern;LK Vorpommern-Greifswald;13075;00-17;34969
Ende 2020;Mecklenburg-Vorpommern;LK Vorpommern-Greifswald;13075;18-59;117363
Ende 2020;Mecklenburg-Vorpommern;LK Vorpommern-Greifswald;13075;60+;83441
Ende 2020;Mecklenburg-Vorpommern;LK Vorpommern-Rügen;13073;00-17;32872
Ende 2020;Mecklenburg-Vorpommern;LK Vorpommern-Rügen;13073;18-59;110820
Ende 2020;Mecklenburg-Vorpommern;LK Vorpommern-Rügen;13073;60+;81691
Ende 2020;Rheinland-Pfalz;LK Vulkaneifel;07233;00-17;9170
Ende 2020;Rheinland-Pfalz;LK Vulkaneifel;07233;18-59;31087
Ende 2020;Rheinland-Pfalz;LK Vulkaneifel;07233;60+;20234
Ende 2020;Hessen;LK Waldeck-Frankenberg;06635;00-17;25478
Ende 2020;Hessen;LK Waldeck-Frankenberg;06635;18-59;81799
Ende 2020;Hessen;LK Waldeck-Frankenberg;06635;60+;49251
Ende 2020;Baden-Württemberg;LK Waldshut;08337;00-17;30459
Ende 2020;Baden-Württemberg;LK Waldshut;08337;18-59;91100
Ende 2020;Baden-Württemberg;LK Waldshut;08337;60+;49678
Ende 2020;Nordrhein-Westfalen;LK Warendorf;05570;00-17;49174
Ende 2020;Nordrhein-Westfalen;LK Warendorf;05570;18-59;147623
Ende 2020;Nordrhein-Westfalen;LK Warendorf;05570;60+;80620
Ende 2020;Thüringen;LK Wartburgkreis;16063;00-17;24474
Ende 2020;Thüringen;LK Wartburgkreis;16063;18-59;79350
Ende 2020;Thüringen;LK Wartburgkreis;16063;60+;56113
Ende 2020;Bayern;LK Weilheim-Schongau;09190;00-17;23733
Ende 2020;Bayern;LK Weilheim-Schongau;09190;18-59;72664
Ende 2020;Bayern;LK Weilheim-Schongau;09190;60+;39737
Ende 2020;Thüringen;LK Weimarer Land;16071;00-17;14033
Ende 2020;Thüringen;LK Weimarer Land;16071;18-59;40775
Ende 2020;Thüringen;LK Weimarer Land;16071;60+;27483
Ende 2020;Bayern;LK Weißenburg-Gunzenhausen;09577;00-17;16038
Ende 2020;Bayern;LK Weißenburg-Gunzenhausen;09577;18-59;50625
Ende 2020;Bayern;LK Weißenburg-Gunzenhausen;09577;60+;28454
Ende 2020;Hessen;LK Werra-Meißner-Kreis;06636;00-17;14899
Ende 2020;Hessen;LK Werra-Meißner-Kreis;06636;18-59;51033
Ende 2020;Hessen;LK Werra-Meißner-Kreis;06636;60+;34114
Ende 2020;Nordrhein-Westfalen;LK Wesel;05170;00-17;73253
Ende 2020;Nordrhein-Westfalen;LK Wesel;05170;18-59;240057
Ende 2020;Nordrhein-Westfalen;LK Wesel;05170;60+;146803
Ende 2020;Niedersachsen;LK Wesermarsch;03461;00-17;14224
Ende 2020;Niedersachsen;LK Wesermarsch;03461;18-59;46456
Ende 2020;Niedersachsen;LK Wesermarsch;03461;60+;27844
Ende 2020;Rheinland-Pfalz;LK Westerwaldkreis;07143;00-17;34306
Ende 2020;Rheinland-Pfalz;LK Westerwaldkreis;07143;18-59;109348
Ende 2020;Rheinland-Pfalz;LK Westerwaldkreis;07143;60+;59176
Ende 2020;Hessen;LK Wetteraukreis;06440;00-17;52764
Ende 2020;Hessen;LK Wetteraukreis;06440;18-59;169289
Ende 2020;Hessen;LK Wetteraukreis;06440;60+;88300
Ende 2020;Sachsen-Anhalt;LK Wittenberg;15091;00-17;17586
Ende 2020;Sachsen-Anhalt;LK Wittenberg;15091;18-59;58793
Ende 2020;Sachsen-Anhalt;LK Wittenberg;15091;60+;47806
Ende 2020;Niedersachsen;LK Wittmund;03462;00-17;9186
Ende 2020;Niedersachsen;LK Wittmund;03462;18-59;29228
Ende 2020;Niedersachsen;LK Wittmund;03462;60+;18970
Ende 2020;Niedersachsen;LK Wolfenbüttel;03158;00-17;18753
Ende 2020;Niedersachsen;LK Wolfenbüttel;03158;18-59;62794
Ende 2020;Niedersachsen;LK Wolfenbüttel;03158;60+;37814
Ende 2020;Bayern;LK Wunsiedel i.Fichtelgebirge;09479;00-17;10489
Ende 2020;Bayern;LK Wunsiedel i.Fichtelgebirge;09479;18-59;36359
Ende 2020;Bayern;LK Wunsiedel i.Fichtelgebirge;09479;60+;25126
Ende 2020;Bayern;LK Würzburg;09679;00-17;27525
Ende 2020;Bayern;LK Würzburg;09679;18-59;86747
Ende 2020;Bayern;LK Würzburg;09679;60+;48425
Ende 2020;Baden-Württemberg;LK Zollernalbkreis;08417;00-17;31361
Ende 2020;Baden-Württemberg;LK Zollernalbkreis;08417;18-59;101810
Ende 2020;Baden-Württemberg;LK Zollernalbkreis;08417;60+;56691
Ende 2020;Sachsen;LK Zwickau;14524;00-17;46629
Ende 2020;Sachsen;LK Zwickau;14524;18-59;147441
Ende 2020;Sachsen;LK Zwickau;14524;60+;117963
Ende 2020;Niedersachsen;Region Hannover;03241;00-17;192174
Ende 2020;Niedersachsen;Region Hannover;03241;18-59;640726
Ende 2020;Niedersachsen;Region Hannover;03241;60+;322430
Ende 2020;Bayern;SK Amberg;09361;00-17;6375
Ende 2020;Bayern;SK Amberg;09361;18-59;22543
Ende 2020;Bayern;SK Amberg;09361;60+;13134
Ende 2020;Bayern;SK Ansbach;09561;00-17;6981
Ende 2020;Bayern;SK Ansbach;09561;18-59;22739
Ende 2020;Bayern;SK Ansbach;09561;60+;11961
Ende 2020;Bayern;SK Aschaffenburg;09661;00-17;11251
Ende 2020;Bayern;SK Aschaffenburg;09661;18-59;39769
Ende 2020;Bayern;SK Aschaffenburg;09661;60+;19838
Ende 2020;Bayern;SK Augsburg;09761;00-17;45637
Ende 2020;Bayern;SK Augsburg;09761;18-59;175036
Ende 2020;Bayern;SK Augsburg;09761;60+;75157
Ende 2020;Baden-Württemberg;SK Baden-Baden;08211;00-17;8231
Ende 2020;Baden-Württemberg;SK Baden-Baden;08211;18-59;28737
Ende 2020;Baden-Württemberg;SK Baden-Baden;08211;60+;18481
Ende 2020;Bayern;SK Bamberg;09461;00-17;11124
Ende 2020;Bayern;SK Bamberg;09461;18-59;45808
Ende 2020;Bayern;SK Bamberg;09461;60+;19742
Ende 2020;Bayern;SK Bayreuth;09462;00-17;9636
Ende 2020;Bayern;SK Bayreuth;09462;18-59;43733
Ende 2020;Bayern;SK Bayreuth;09462;60+;20679
Ende 2020;Berlin;SK Berlin Charlottenburg-Wilmersdorf;11004;00-17;44604
Ende 2020;Berlin;SK Berlin Charlottenburg-Wilmersdorf;11004;18-59;177062
Ende 2020;Berlin;SK Berlin Charlottenburg-Wilmersdorf;11004;60+;94557
Ende 2020;Berlin;SK Berlin Friedrichshain-Kreuzberg;11002;00-17;45221
Ende 2020;Berlin;SK Berlin Friedrichshain-Kreuzberg;11002;18-59;193315
Ende 2020;Berlin;SK Berlin Friedrichshain-Kreuzberg;11002;60+;40674
Ende 2020;Berlin;SK Berlin Lichtenberg;11011;00-17;49148
Ende 2020;Berlin;SK Berlin Lichtenberg;11011;18-59;168069
Ende 2020;Berlin;SK Berlin Lichtenberg;11011;60+;74788
Ende 2020;Berlin;SK Berlin Marzahn-Hellersdorf;11010;00-17;50905
Ende 2020;Berlin;SK Berlin Marzahn-Hellersdorf;11010;18-59;144329
Ende 2020;Berlin;SK Berlin Marzahn-Hellersdorf;11010;60+;78842
Ende 2020;Berlin;SK Berlin Mitte;11001;00-17;58858
Ende 2020;Berlin;SK Berlin Mitte;11001;18-59;250531
Ende 2020;Berlin;SK Berlin Mitte;11001;60+;65192
Ende 2020;Berlin;SK Berlin Neukölln;11008;00-17;53385
Ende 2020;Berlin;SK Berlin Neukölln;11008;18-59;192301
Ende 2020;Berlin;SK Berlin Neukölln;11008;60+;72823
Ende 2020;Berlin;SK Berlin Pankow;11003;00-17;74186
Ende 2020;Berlin;SK Berlin Pankow;11003;18-59;251159
Ende 2020;Berlin;SK Berlin Pankow;11003;60+;78842
Ende 2020;Berlin;SK Berlin Reinickendorf;11012;00-17;44193
Ende 2020;Berlin;SK Berlin Reinickendorf;11012;18-59;137596
Ende 2020;Berlin;SK Berlin Reinickendorf;11012;60+;77931
Ende 2020;Berlin;SK Berlin Spandau;11005;00-17;43756
Ende 2020;Berlin;SK Berlin Spandau;11005;18-59;128974
Ende 2020;Berlin;SK Berlin Spandau;11005;60+;66644
Ende 2020;Berlin;SK Berlin Steglitz-Zehlendorf;11006;00-17;47617
Ende 2020;Berlin;SK Berlin Steglitz-Zehlendorf;11006;18-59;148619
Ende 2020;Berlin;SK Berlin Steglitz-Zehlendorf;11006;60+;95679
Ende 2020;Berlin;SK Berlin Tempelhof-Schöneberg;11007;00-17;53969
Ende 2020;Berlin;SK Berlin Tempelhof-Schöneberg;11007;18-59;193065
Ende 2020;Berlin;SK Berlin Tempelhof-Schöneberg;11007;60+;94262
Ende 2020;Berlin;SK Berlin Treptow-Köpenick;11009;00-17;44380
Ende 2020;Berlin;SK Berlin Treptow-Köpenick;11009;18-59;152995
Ende 2020;Berlin;SK Berlin Treptow-Köpenick;11009;60+;75617
Ende 2020;Nordrhein-Westfalen;SK Bielefeld;05711;00-17;57685
Ende 2020;Nordrhein-Westfalen;SK Bielefeld;05711;18-59;188215
Ende 2020;Nordrhein-Westfalen;SK Bielefeld;05711;60+;87609
Ende 2020;Nordrhein-Westfalen;SK Bochum;05911;00-17;54225
Ende 2020;Nordrhein-Westfalen;SK Bochum;05911;18-59;203675
Ende 2020;Nordrhein-Westfalen;SK Bochum;05911;60+;106554
Ende 2020;Nordrhein-Westfalen;SK Bonn;05314;00-17;57070
Ende 2020;Nordrhein-Westfalen;SK Bonn;05314;18-59;193870
Ende 2020;Nordrhein-Westfalen;SK Bonn;05314;60+;79639
Ende 2020;Nordrhein-Westfalen;SK Bottrop;05512;00-17;18596
Ende 2020;Nordrhein-Westfalen;SK Bottrop;05512;18-59;62685
Ende 2020;Nordrhein-Westfalen;SK Bottrop;05512;60+;36107
Ende 2020;Brandenburg;SK Brandenburg a.d.Havel;12051;00-17;10445
Ende 2020;Brandenburg;SK Brandenburg a.d.Havel;12051;18-59;35794
Ende 2020;Brandenburg;SK Brandenburg a.d.Havel;12051;60+;25801
Ende 2020;Niedersachsen;SK Braunschweig;03101;00-17;36453
Ende 2020;Niedersachsen;SK Braunschweig;03101;18-59;144149
Ende 2020;Niedersachsen;SK Braunschweig;03101;60+;67959
Ende 2020;Bremen;SK Bremen;04011;00-17;92003
Ende 2020;Bremen;SK Bremen;04011;18-59;319916
Ende 2020;Bremen;SK Bremen;04011;60+;154654
Ende 2020;Bremen;SK Bremerhaven;04012;00-17;20122
Ende 2020;Bremen;SK Bremerhaven;04012;18-59;60540
Ende 2020;Bremen;SK Bremerhaven;04012;60+;32895
Ende 2020;Sachsen;SK Chemnitz;14511;00-17;37355
Ende 2020;Sachsen;SK Chemnitz;14511;18-59;122588
Ende 2020;Sachsen;SK Chemnitz;14511;60+;84458
Ende 2020;Bayern;SK Coburg;09463;00-17;5837
Ende 2020;Bayern;SK Coburg;09463;18-59;22220
Ende 2020;Bayern;SK Coburg;09463;60+;12785
Ende 2020;Brandenburg;SK Cottbus;12052;00-17;14471
Ende 2020;Brandenburg;SK Cottbus;12052;18-59;50437
Ende 2020;Brandenburg;SK Cottbus;12052;60+;33785
Ende 2020;Hessen;SK Darmstadt;06411;00-17;25602
Ende 2020;Hessen;SK Darmstadt;06411;18-59;96864
Ende 2020;Hessen;SK Darmstadt;06411;60+;36708
Ende 2020;Niedersachsen;SK Delmenhorst;03401;00-17;13798
Ende 2020;Niedersachsen;SK Delmenhorst;03401;18-59;41366
Ende 2020;Niedersachsen;SK Delmenhorst;03401;60+;22339
Ende 2020;Sachsen-Anhalt;SK Dessau-Roßlau;15001;00-17;10624
Ende 2020;Sachsen-Anhalt;SK Dessau-Roßlau;15001;18-59;36649
Ende 2020;Sachsen-Anhalt;SK Dessau-Roßlau;15001;60+;32081
Ende 2020;Nordrhein-Westfalen;SK Dortmund;05913;00-17;97453
Ende 2020;Nordrhein-Westfalen;SK Dortmund;05913;18-59;330830
Ende 2020;Nordrhein-Westfalen;SK Dortmund;05913;60+;159413
Ende 2020;Sachsen;SK Dresden;14612;00-17;95073
Ende 2020;Sachsen;SK Dresden;14612;18-59;309432
Ende 2020;Sachsen;SK Dresden;14612;60+;151722
Ende 2020;Nordrhein-Westfalen;SK Duisburg;05112;00-17;86350
Ende 2020;Nordrhein-Westfalen;SK Duisburg;05112;18-59;274548
Ende 2020;Nordrhein-Westfalen;SK Duisburg;05112;60+;134987
Ende 2020;Nordrhein-Westfalen;SK Düsseldorf;05111;00-17;100035
Ende 2020;Nordrhein-Westfalen;SK Düsseldorf;05111;18-59;364073
Ende 2020;Nordrhein-Westfalen;SK Düsseldorf;05111;60+;156415
Ende 2020;Niedersachsen;SK Emden;03402;00-17;8307
Ende 2020;Niedersachsen;SK Emden;03402;18-59;27551
Ende 2020;Niedersachsen;SK Emden;03402;60+;14016
Ende 2020;Thüringen;SK Erfurt;16051;00-17;34049
Ende 2020;Thüringen;SK Erfurt;16051;18-59;116768
Ende 2020;Thüringen;SK Erfurt;16051;60+;62875
Ende 2020;Bayern;SK Erlangen;09562;00-17;17693
Ende 2020;Bayern;SK Erlangen;09562;18-59;68482
Ende 2020;Bayern;SK Erlangen;09562;60+;26210
Ende 2020;Nordrhein-Westfalen;SK Essen;05113;00-17;96171
Ende 2020;Nordrhein-Westfalen;SK Essen;05113;18-59;320649
Ende 2020;Nordrhein-Westfalen;SK Essen;05113;60+;165595
Ende 2020;Schleswig-Holstein;SK Flensburg;01001;00-17;14216
Ende 2020;Schleswig-Holstein;SK Flensburg;01001;18-59;52035
Ende 2020;Schleswig-Holstein;SK Flensburg;01001;60+;23683
Ende 2020;Rheinland-Pfalz;SK Frankenthal;07311;00-17;8351
Ende 2020;Rheinland-Pfalz;SK Frankenthal;07311;18-59;25799
Ende 2020;Rheinland-Pfalz;SK Frankenthal;07311;60+;14600
Ende 2020;Brandenburg;SK Frankfurt (Oder);12053;00-17;8197
Ende 2020;Brandenburg;SK Frankfurt (Oder);12053;18-59;28440
Ende 2020;Brandenburg;SK Frankfurt (Oder);12053;60+;20378
Ende 2020;Hessen;SK Frankfurt am Main;06412;00-17;129748
Ende 2020;Hessen;SK Frankfurt am Main;06412;18-59;474652
Ende 2020;Hessen;SK Frankfurt am Main;06412;60+;159704
Ende 2020;Baden-Württemberg;SK Freiburg i.Breisgau;08311;00-17;36926
Ende 2020;Baden-Württemberg;SK Freiburg i.Breisgau;08311;18-59;142027
Ende 2020;Baden-Württemberg;SK Freiburg i.Breisgau;08311;60+;51987
Ende 2020;Bayern;SK Fürth;09563;00-17;20917
Ende 2020;Bayern;SK Fürth;09563;18-59;75018
Ende 2020;Bayern;SK Fürth;09563;60+;32288
Ende 2020;Nordrhein-Westfalen;SK Gelsenkirchen;05513;00-17;47126
Ende 2020;Nordrhein-Westfalen;SK Gelsenkirchen;05513;18-59;140046
Ende 2020;Nordrhein-Westfalen;SK Gelsenkirchen;05513;60+;71933
Ende 2020;Thüringen;SK Gera;16052;00-17;13347
Ende 2020;Thüringen;SK Gera;16052;18-59;43203
Ende 2020;Thüringen;SK Gera;16052;60+;35576
Ende 2020;Nordrhein-Westfalen;SK Hagen;05914;00-17;33585
Ende 2020;Nordrhein-Westfalen;SK Hagen;05914;18-59;100275
Ende 2020;Nordrhein-Westfalen;SK Hagen;05914;60+;54827
Ende 2020;Sachsen-Anhalt;SK Halle;15002;00-17;37733
Ende 2020;Sachsen-Anhalt;SK Halle;15002;18-59;127815
Ende 2020;Sachsen-Anhalt;SK Halle;15002;60+;72317
Ende 2020;Hamburg;SK Hamburg;02000;00-17;313491
Ende 2020;Hamburg;SK Hamburg;02000;18-59;1100517
Ende 2020;Hamburg;SK Hamburg;02000;60+;438470
Ende 2020;Nordrhein-Westfalen;SK Hamm;05915;00-17;31416
Ende 2020;Nordrhein-Westfalen;SK Hamm;05915;18-59;97485
Ende 2020;Nordrhein-Westfalen;SK Hamm;05915;60+;50066
Ende 2020;Baden-Württemberg;SK Heidelberg;08221;00-17;23063
Ende 2020;Baden-Württemberg;SK Heidelberg;08221;18-59;100648
Ende 2020;Baden-Württemberg;SK Heidelberg;08221;60+;35030
Ende 2020;Baden-Württemberg;SK Heilbronn;08121;00-17;22239
Ende 2020;Baden-Württemberg;SK Heilbronn;08121;18-59;72002
Ende 2020;Baden-Württemberg;SK Heilbronn;08121;60+;32217
Ende 2020;Nordrhein-Westfalen;SK Herne;05916;00-17;25918
Ende 2020;Nordrhein-Westfalen;SK Herne;05916;18-59;85890
Ende 2020;Nordrhein-Westfalen;SK Herne;05916;60+;45132
Ende 2020;Bayern;SK Hof;09464;00-17;7161
Ende 2020;Bayern;SK Hof;09464;18-59;23778
Ende 2020;Bayern;SK Hof;09464;60+;14234
Ende 2020;Bayern;SK Ingolstadt;09161;00-17;23469
Ende 2020;Bayern;SK Ingolstadt;09161;18-59;79738
Ende 2020;Bayern;SK Ingolstadt;09161;60+;33745
Ende 2020;Thüringen;SK Jena;16053;00-17;17291
Ende 2020;Thüringen;SK Jena;16053;18-59;63407
Ende 2020;Thüringen;SK Jena;16053;60+;30033
Ende 2020;Rheinland-Pfalz;SK Kaiserslautern;07312;00-17;15015
Ende 2020;Rheinland-Pfalz;SK Kaiserslautern;07312;18-59;57431
Ende 2020;Rheinland-Pfalz;SK Kaiserslautern;07312;60+;27216
Ende 2020;Baden-Württemberg;SK Karlsruhe;08212;00-17;44108
Ende 2020;Baden-Württemberg;SK Karlsruhe;08212;18-59;188310
Ende 2020;Baden-Württemberg;SK Karlsruhe;08212;60+;76018
Ende 2020;Hessen;SK Kassel;06611;00-17;32535
Ende 2020;Hessen;SK Kassel;06611;18-59;116281
Ende 2020;Hessen;SK Kassel;06611;60+;52232
Ende 2020;Bayern;SK Kaufbeuren;09762;00-17;7449
Ende 2020;Bayern;SK Kaufbeuren;09762;18-59;23893
Ende 2020;Bayern;SK Kaufbeuren;09762;60+;13320
Ende 2020;Bayern;SK Kempten;09763;00-17;10847
Ende 2020;Bayern;SK Kempten;09763;18-59;38283
Ende 2020;Bayern;SK Kempten;09763;60+;19810
Ende 2020;Schleswig-Holstein;SK Kiel;01002;00-17;36346
Ende 2020;Schleswig-Holstein;SK Kiel;01002;18-59;149389
Ende 2020;Schleswig-Holstein;SK Kiel;01002;60+;60866
Ende 2020;Rheinland-Pfalz;SK Koblenz;07111;00-17;16903
Ende 2020;Rheinland-Pfalz;SK Koblenz;07111;18-59;64513
Ende 2020;Rheinland-Pfalz;SK Koblenz;07111;60+;31972
Ende 2020;Nordrhein-Westfalen;SK Krefeld;05114;00-17;37910
Ende 2020;Nordrhein-Westfalen;SK Krefeld;05114;18-59;122784
Ende 2020;Nordrhein-Westfalen;SK Krefeld;05114;60+;66150
Ende 2020;Nordrhein-Westfalen;SK Köln;05315;00-17;174712
Ende 2020;Nordrhein-Westfalen;SK Köln;05315;18-59;657800
Ende 2020;Nordrhein-Westfalen;SK Köln;05315;60+;250986
Ende 2020;Rheinland-Pfalz;SK Landau i.d.Pfalz;07313;00-17;7129
Ende 2020;Rheinland-Pfalz;SK Landau i.d.Pfalz;07313;18-59;27241
Ende 2020;Rheinland-Pfalz;SK Landau i.d.Pfalz;07313;60+;12315
Ende 2020;Bayern;SK Landshut;09261;00-17;11567
Ende 2020;Bayern;SK Landshut;09261;18-59;42059
Ende 2020;Bayern;SK Landshut;09261;60+;19439
Ende 2020;Sachsen;SK Leipzig;14713;00-17;96551
Ende 2020;Sachsen;SK Leipzig;14713;18-59;349053
Ende 2020;Sachsen;SK Leipzig;14713;60+;151889
Ende 2020;Nordrhein-Westfalen;SK Leverkusen;05316;00-17;28554
Ende 2020;Nordrhein-Westfalen;SK Leverkusen;05316;18-59;88555
Ende 2020;Nordrhein-Westfalen;SK Leverkusen;05316;60+;46796
Ende 2020;Rheinland-Pfalz;SK Ludwigshafen;07314;00-17;32074
Ende 2020;Rheinland-Pfalz;SK Ludwigshafen;07314;18-59;97509
Ende 2020;Rheinland-Pfalz;SK Ludwigshafen;07314;60+;42974
Ende 2020;Schleswig-Holstein;SK Lübeck;01003;00-17;32561
Ende 2020;Schleswig-Holstein;SK Lübeck;01003;18-59;118411
Ende 2020;Schleswig-Holstein;SK Lübeck;01003;60+;64874
Ende 2020;Sachsen-Anhalt;SK Magdeburg;15003;00-17;35864
Ende 2020;Sachsen-Anhalt;SK Magdeburg;15003;18-59;126460
Ende 2020;Sachsen-Anhalt;SK Magdeburg;15003;60+;73451
Ende 2020;Rheinland-Pfalz;SK Mainz;07315;00-17;32343
Ende 2020;Rheinland-Pfalz;SK Mainz;07315;18-59;134315
Ende 2020;Rheinland-Pfalz;SK Mainz;07315;60+;50465
Ende 2020;Baden-Württemberg;SK Mannheim;08222;00-17;48337
Ende 2020;Baden-Württemberg;SK Mannheim;08222;18-59;186220
Ende 2020;Baden-Württemberg;SK Mannheim;08222;60+;75164
Ende 2020;Bayern;SK Memmingen;09764;00-17;7450
Ende 2020;Bayern;SK Memmingen;09764;18-59;24202
Ende 2020;Bayern;SK Memmingen;09764;60+;12708
Ende 2020;Nordrhein-Westfalen;SK Mönchengladbach;05116;00-17;43685
Ende 2020;Nordrhein-Westfalen;SK Mönchengladbach;05116;18-59;142139
Ende 2020;Nordrhein-Westfalen;SK Mönchengladbach;05116;60+;73841
Ende 2020;Nordrhein-Westfalen;SK Mülheim a.d.Ruhr;05117;00-17;28087
Ende 2020;Nordrhein-Westfalen;SK Mülheim a.d.Ruhr;05117;18-59;89691
Ende 2020;Nordrhein-Westfalen;SK Mülheim a.d.Ruhr;05117;60+;53143
Ende 2020;Bayern;SK München;09162;00-17;238131
Ende 2020;Bayern;SK München;09162;18-59;915104
Ende 2020;Bayern;SK München;09162;60+;334967
Ende 2020;Nordrhein-Westfalen;SK Münster;05515;00-17;47318
Ende 2020;Nordrhein-Westfalen;SK Münster;05515;18-59;195283
Ende 2020;Nordrhein-Westfalen;SK Münster;05515;60+;73802
Ende 2020;Schleswig-Holstein;SK Neumünster;01004;00-17;13050
Ende 2020;Schleswig-Holstein;SK Neumünster;01004;18-59;43258
Ende 2020;Schleswig-Holstein;SK Neumünster;01004;60+;23597
Ende 2020;Rheinland-Pfalz;SK Neustadt a.d.Weinstraße;07316;00-17;8566
Ende 2020;Rheinland-Pfalz;SK Neustadt a.d.Weinstraße;07316;18-59;27277
Ende 2020;Rheinland-Pfalz;SK Neustadt a.d.Weinstraße;07316;60+;17463
Ende 2020;Bayern;SK Nürnberg;09564;00-17;82750
Ende 2020;Bayern;SK Nürnberg;09564;18-59;297784
Ende 2020;Bayern;SK Nürnberg;09564;60+;135009
Ende 2020;Nordrhein-Westfalen;SK Oberhausen;05119;00-17;34116
Ende 2020;Nordrhein-Westfalen;SK Oberhausen;05119;18-59;113073
Ende 2020;Nordrhein-Westfalen;SK Oberhausen;05119;60+;62377
Ende 2020;Hessen;SK Offenbach;06413;00-17;24393
Ende 2020;Hessen;SK Offenbach;06413;18-59;77692
Ende 2020;Hessen;SK Offenbach;06413;60+;28807
Ende 2020;Niedersachsen;SK Oldenburg;03403;00-17;26111
Ende 2020;Niedersachsen;SK Oldenburg;03403;18-59;100055
Ende 2020;Niedersachsen;SK Oldenburg;03403;60+;43439
Ende 2020;Niedersachsen;SK Osnabrück;03404;00-17;24588
Ende 2020;Niedersachsen;SK Osnabrück;03404;18-59;99061
Ende 2020;Niedersachsen;SK Osnabrück;03404;60+;40574
Ende 2020;Bayern;SK Passau;09262;00-17;6970
Ende 2020;Bayern;SK Passau;09262;18-59;30788
Ende 2020;Bayern;SK Passau;09262;60+;14657
Ende 2020;Baden-Württemberg;SK Pforzheim;08231;00-17;22770
Ende 2020;Baden-Württemberg;SK Pforzheim;08231;18-59;69920
Ende 2020;Baden-Württemberg;SK Pforzheim;08231;60+;33326
Ende 2020;Rheinland-Pfalz;SK Pirmasens;07317;00-17;6180
Ende 2020;Rheinland-Pfalz;SK Pirmasens;07317;18-59;20423
Ende 2020;Rheinland-Pfalz;SK Pirmasens;07317;60+;13573
Ende 2020;Brandenburg;SK Potsdam;12054;00-17;32318
Ende 2020;Brandenburg;SK Potsdam;12054;18-59;103293
Ende 2020;Brandenburg;SK Potsdam;12054;60+;46501
Ende 2020;Bayern;SK Regensburg;09362;00-17;22208
Ende 2020;Bayern;SK Regensburg;09362;18-59;95180
Ende 2020;Bayern;SK Regensburg;09362;60+;34882
Ende 2020;Nordrhein-Westfalen;SK Remscheid;05120;00-17;19090
Ende 2020;Nordrhein-Westfalen;SK Remscheid;05120;18-59;59769
Ende 2020;Nordrhein-Westfalen;SK Remscheid;05120;60+;32657
Ende 2020;Bayern;SK Rosenheim;09163;00-17;10463
Ende 2020;Bayern;SK Rosenheim;09163;18-59;36594
Ende 2020;Bayern;SK Rosenheim;09163;60+;16534
Ende 2020;Mecklenburg-Vorpommern;SK Rostock;13003;00-17;29613
Ende 2020;Mecklenburg-Vorpommern;SK Rostock;13003;18-59;114836
Ende 2020;Mecklenburg-Vorpommern;SK Rostock;13003;60+;64612
Ende 2020;Niedersachsen;SK Salzgitter;03102;00-17;19093
Ende 2020;Niedersachsen;SK Salzgitter;03102;18-59;53746
Ende 2020;Niedersachsen;SK Salzgitter;03102;60+;31027
Ende 2020;Bayern;SK Schwabach;09565;00-17;6959
Ende 2020;Bayern;SK Schwabach;09565;18-59;22405
Ende 2020;Bayern;SK Schwabach;09565;60+;11692
Ende 2020;Bayern;SK Schweinfurt;09662;00-17;8671
Ende 2020;Bayern;SK Schweinfurt;09662;18-59;28193
Ende 2020;Bayern;SK Schweinfurt;09662;60+;16455
Ende 2020;Mecklenburg-Vorpommern;SK Schwerin;13004;00-17;15243
Ende 2020;Mecklenburg-Vorpommern;SK Schwerin;13004;18-59;48103
Ende 2020;Mecklenburg-Vorpommern;SK Schwerin;13004;60+;32263
Ende 2020;Nordrhein-Westfalen;SK Solingen;05122;00-17;27241
Ende 2020;Nordrhein-Westfalen;SK Solingen;05122;18-59;86442
Ende 2020;Nordrhein-Westfalen;SK Solingen;05122;60+;45510
Ende 2020;Rheinland-Pfalz;SK Speyer;07318;00-17;8119
Ende 2020;Rheinland-Pfalz;SK Speyer;07318;18-59;27179
Ende 2020;Rheinland-Pfalz;SK Speyer;07318;60+;15443
Ende 2020;Bayern;SK Straubing;09263;00-17;7042
Ende 2020;Bayern;SK Straubing;09263;18-59;26896
Ende 2020;Bayern;SK Straubing;09263;60+;13674
Ende 2020;Baden-Württemberg;SK Stuttgart;08111;00-17;97186
Ende 2020;Baden-Württemberg;SK Stuttgart;08111;18-59;385173
Ende 2020;Baden-Württemberg;SK Stuttgart;08111;60+;147946
Ende 2020;Thüringen;SK Suhl;16054;00-17;4481
Ende 2020;Thüringen;SK Suhl;16054;18-59;16741
Ende 2020;Thüringen;SK Suhl;16054;60+;15173
Ende 2020;Rheinland-Pfalz;SK Trier;07211;00-17;16096
Ende 2020;Rheinland-Pfalz;SK Trier;07211;18-59;67921
Ende 2020;Rheinland-Pfalz;SK Trier;07211;60+;26657
Ende 2020;Baden-Württemberg;SK Ulm;08421;00-17;20547
Ende 2020;Baden-Württemberg;SK Ulm;08421;18-59;75141
Ende 2020;Baden-Württemberg;SK Ulm;08421;60+;30717
Ende 2020;Bayern;SK Weiden i.d.OPf.;09363;00-17;6380
Ende 2020;Bayern;SK Weiden i.d.OPf.;09363;18-59;23256
Ende 2020;Bayern;SK Weiden i.d.OPf.;09363;60+;12899
Ende 2020;Thüringen;SK Weimar;16055;00-17;10729
Ende 2020;Thüringen;SK Weimar;16055;18-59;34869
Ende 2020;Thüringen;SK Weimar;16055;60+;19500
Ende 2020;Hessen;SK Wiesbaden;06414;00-17;49879
Ende 2020;Hessen;SK Wiesbaden;06414;18-59;155580
Ende 2020;Hessen;SK Wiesbaden;06414;60+;73150
Ende 2020;Niedersachsen;SK Wilhelmshaven;03405;00-17;11073
Ende 2020;Niedersachsen;SK Wilhelmshaven;03405;18-59;39245
Ende 2020;Niedersachsen;SK Wilhelmshaven;03405;60+;24871
Ende 2020;Niedersachsen;SK Wolfsburg;03103;00-17;21052
Ende 2020;Niedersachsen;SK Wolfsburg;03103;18-59;67026
Ende 2020;Niedersachsen;SK Wolfsburg;03103;60+;35762
Ende 2020;Rheinland-Pfalz;SK Worms;07319;00-17;14602
Ende 2020;Rheinland-Pfalz;SK Worms;07319;18-59;45594
Ende 2020;Rheinland-Pfalz;SK Worms;07319;60+;23263
Ende 2020;Nordrhein-Westfalen;SK Wuppertal;05124;00-17;61914
Ende 2020;Nordrhein-Westfalen;SK Wuppertal;05124;18-59;195808
Ende 2020;Nordrhein-Westfalen;SK Wuppertal;05124;60+;97282
Ende 2020;Bayern;SK Würzburg;09663;00-17;16092
Ende 2020;Bayern;SK Würzburg;09663;18-59;77804
Ende 2020;Bayern;SK Würzburg;09663;60+;33058
Ende 2020;Rheinland-Pfalz;SK Zweibrücken;07320;00-17;5323
Ende 2020;Rheinland-Pfalz;SK Zweibrücken;07320;18-59;17978
Ende 2020;Rheinland-Pfalz;SK Zweibrücken;07320;60+;10700
Ende 2020;Nordrhein-Westfalen;StädteRegion Aachen;05334;00-17;86444
Ende 2020;Nordrhein-Westfalen;StädteRegion Aachen;05334;18-59;318287
Ende 2020;Nordrhein-Westfalen;StädteRegion Aachen;05334;60+;151900
